ランドマーク名,緯度,経度,発話範囲（半径ｍ）,該当範囲（半径ｍ）,クーポン取得範囲（半径m）
歌舞伎町中心,35.694798,139.702794,400,0,0
新宿駅,35.689619,139.700456,600,0,0
渋谷109,35.659597,139.698783,400,0,0
銀座駅,35.671752,139.764308,400,0,0
東京駅,35.681167,139.767052,600,0,0
築地市場,35.662997,139.770126,400,0,0
北区中心,35.770593,139.722533,1000,0,0
江戸川区中心,35.697569,139.879388,2000,0,0
池袋駅,35.729503,139.7109,600,0,0
東京タワー,35.658581,139.745433,400,0,0
スカイツリー,35.710063,139.8107,600,0,0
浅草の金のオブジェのとこ,35.710176,139.800531,600,0,0
赤坂サカス,35.672326,139.735585,400,0,0
池袋サンシャイン,35.729356,139.719142,500,0,0
町田市中心,35.572605,139.44221,2000,0,0
青山一丁目駅,35.672857,139.723844,400,0,0
銀座駅,35.671752,139.764308,400,0,0
築地市場,35.662997,139.770126,400,0,0
舞浜,35.636135,139.883696,600,0,0
東京ドーム,35.70564,139.751891,400,0,0
国技館,35.696976,139.793286,400,0,0
皇居,35.685175,139.7528,800,0,0
上野動物園,35.716454,139.771318,800,0,0
新橋駅,35.666456,139.75829,600,0,0
草加駅,35.828468,139.803599,1000,0,0
上野駅,35.714167,139.777409,800,0,0
根津駅,35.717346,139.765737,600,0,0
文京区中心,35.708068,139.752167,600,0,0
赤坂駅,35.672212,139.73638,600,0,0
羽田空港,35.549393,139.779839,4000,0,0
東京都庁,35.689913,139.692562,600,0,0
歌舞伎座,35.669418,139.767737,400,0,0
四ツ谷駅,35.686153,139.730218,400,0,0
NHKホール,35.666553,139.696979,400,0,0
大井競馬場,35.593707,139.744807,600,0,0
横浜駅,35.465786,139.622313,800,0,0
恵比寿駅,35.646733,139.710107,400,0,0
葛飾柴又駅,35.756708,139.875498,400,0,0
羽田空港,35.549393,139.779839,4000,0,0
レインボーブリッジ,35.636564,139.763144,1000,0,0
高尾山,35.62514,139.243657,3000,0,0
宮ケ瀬ダム,35.542797,139.248125,400,0,0
城山ダム,35.58633,139.28333,400,0,0
相模湖,35.612584,139.184522,1000,0,0
上野動物園,35.716454,139.771318,800,0,0
巣鴨駅,35.733413,139.739289,800,0,0
鎌倉,35.318925,139.550406,800,0,0
武道館,35.693318,139.749885,600,0,0
吉祥寺駅,35.703171,139.57981,800,0,0
秋葉原駅,35.698353,139.773114,600,0,0
川崎大師,35.534672,139.729384,800,0,0
茗荷谷駅,35.717373,139.73678,400,0,0
国立競技場駅,35.679746,139.714389,400,0,0
明治神宮,35.676389,139.699208,600,0,0
秋葉原駅,35.698353,139.773114,600,0,0
品川駅,35.62841,139.738878,600,0,0
都庁,35.689595,139.692131,600,0,0
函館市街,41.773293,140.727667,2000,0,0
札幌駅,43.068661,141.350755,1000,0,0
恐山,41.32734,141.091068,4000,0,0
秋田市中心,39.719922,140.10357,4000,0,0
山形市中心,38.255439,140.339602,4000,0,0
仙台市中心,38.258475,140.87705,4000,0,0
猪苗代湖,37.482578,140.096016,8000,0,0
那須塩原,36.96096,140.047729,4000,0,0
茨城中心,36.341811,140.446794,4000,0,0
富岡製紙場,36.255121,138.887428,600,0,0
宇都宮駅,36.559023,139.898451,2000,0,0
魚沼市中心,37.244124,138.924361,5000,0,0
上越国際スキー場,37.032215,138.821362,2000,0,0
長野県上田市中心,36.404129,138.244132,600,0,0
山梨市中心,35.599629,138.517272,3000,0,0
富士山,35.360556,138.727778,10000,0,0
浜松市中心,34.710834,137.726126,3000,0,0
名古屋市中心,35.181446,136.906398,3000,0,0
鈴鹿サーキット,34.845594,136.538952,5000,0,0
伊勢神宮,34.45501,136.725793,5000,0,0
下呂,35.805345,137.239778,3000,0,0
琵琶湖,35.345639,136.170901,25000,0,0
金沢市中心,36.561325,136.656205,3000,0,0
東大寺,34.688985,135.839816,1000,0,0
奈良公園,34.685047,135.843012,1000,0,0
清水寺,34.994856,135.785046,2000,0,0
京都市中心,35.011636,135.768029,2000,0,0
大阪府中心部,34.681261,135.509801,2000,0,0
大阪城,34.687333,135.525956,1500,0,0
USJ,34.665442,135.432338,1500,0,0
アドベンチャーワールド,33.667882,135.375845,1000,0,0
神戸駅,34.679767,135.177938,1000,0,0
六甲山,34.777858,135.263726,5000,0,0
姫路城,34.839449,134.693905,1000,0,0
広島駅,34.39779,132.47534,3000,0,0
出雲市中心,35.364385,132.756133,5000,0,0
鳥取砂丘,35.540723,134.229071,3000,0,0
下関中心,33.957831,130.941459,5000,0,0
鳴門海峡,34.241822,134.651269,2000,0,0
淡路島中心,34.325712,134.813111,5000,0,0
高松市役所,34.342753,134.046444,5000,0,0
愛媛県中心,33.841624,132.765681,5000,0,0
博多駅,33.589728,130.420727,3000,0,0
熊本城,32.806186,130.705834,1000,0,0
宮崎市中心,31.907674,131.420241,5000,0,0
鹿児島市中心,31.596554,130.557116,5000,0,0
長崎市中心,32.750286,129.877667,3000,0,0
出島,32.742196,129.872918,600,0,0
ホンダカーズ東京中央,35.647917,139.755639,400,0,800
ホンダカーズ東京中央,35.733944,139.756111,400,0,800
ホンダカーズ東京中央,35.763361,139.737139,400,0,800
ホンダカーズ東京中央,35.776611,139.838333,400,0,800
ホンダカーズ東京中央,35.771889,139.824917,400,0,800
ホンダカーズ東京中央,35.755694,139.767222,400,0,800
ホンダカーズ東京中央,35.794111,139.802639,400,0,800
ホンダカーズ東京中央,35.778833,139.816722,400,0,800
ホンダカーズ東京中央,35.773028,139.770667,400,0,800
ホンダカーズ東京中央,35.546556,139.712944,400,0,800
ホンダカーズ東京中央,35.588639,139.696778,400,0,800
ホンダカーズ東京中央,35.570861,139.697056,400,0,800
ホンダカーズ東京中央,35.62325,139.684417,400,0,800
ホンダカーズ東京中央,35.630139,139.672222,400,0,800
ホンダカーズ東京中央,35.628639,139.648,400,0,800
ホンダカーズ東京中央,35.659,139.624417,400,0,800
ホンダカーズ東京中央,35.635222,139.616833,400,0,800
ホンダカーズ東京中央,35.607222,139.641278,400,0,800
ホンダカーズ東京中央,35.631083,139.625583,400,0,800
ホンダカーズ東京中央,35.692833,139.654667,400,0,800
ホンダカーズ東京中央,35.721389,139.614444,400,0,800
ホンダカーズ東京中央,35.713417,139.599944,400,0,800
ホンダカーズ東京中央,35.681361,139.656694,400,0,800
ホンダカーズ東京中央,35.678889,139.639028,400,0,800
ホンダカーズ東京中央,35.691139,139.610556,400,0,800
ホンダカーズ東京中央,35.727111,139.718056,400,0,800
ホンダカーズ東京中央,35.722944,139.685167,400,0,800
ホンダカーズ東京中央,35.743778,139.702639,400,0,800
ホンダカーズ東京中央,35.749861,139.680333,400,0,800
ホンダカーズ東京中央,35.781472,139.689972,400,0,800
ホンダカーズ東京中央,35.778222,139.684722,400,0,800
ホンダカーズ東京中央,35.772556,139.637444,400,0,800
ホンダカーズ東京中央,35.737083,139.643167,400,0,800
ホンダカーズ東京中央,35.744444,139.616861,400,0,800
ホンダカーズ東京中央,35.762639,139.587806,400,0,800
ホンダカーズ東京中央,35.687139,139.56825,400,0,800
ホンダカーズ東京中央,35.653139,139.561444,400,0,800
ホンダカーズ東京中央,35.662667,139.525806,400,0,800
ホンダカーズ東京中央,35.671389,139.489444,400,0,800
ホンダカーズ東京中央,35.6895,139.506583,400,0,800
ホンダカーズ東京中央,35.676972,139.451778,400,0,800
ホンダカーズ東京中央,35.738694,139.512667,400,0,800
ホンダカーズ東京中央,35.730139,139.474611,400,0,800
ホンダカーズ東京中央,35.732167,139.538389,400,0,800
ホンダカーズ東京中央,35.730722,139.533333,400,0,800
ホンダカーズ東京中央,35.77225,139.481806,400,0,800
ホンダカーズ東京中央,35.693056,139.38875,400,0,800
ホンダカーズ東京中央,35.715,139.418667,400,0,800
ホンダカーズ東京中央,35.685778,139.415944,400,0,800
ホンダカーズ東京中央,35.666167,139.363639,400,0,800
ホンダカーズ東京中央,35.663833,139.32375,400,0,800
ホンダカーズ東京中央,35.6275,139.40425,400,0,800
ホンダカーズ東京中央,35.616556,139.382361,400,0,800
ホンダカーズ東京中央,35.638083,139.294972,400,0,800
ホンダカーズ東京中央,35.531167,139.461444,400,0,800
ホンダカーズ東京中央,35.525583,139.46575,400,0,800
ホンダカーズ東京中央,35.552361,139.440083,400,0,800
ホンダカーズ東京中央,35.574972,139.417194,400,0,800
ホンダカーズ東京中央,35.589028,139.458889,400,0,800
ホンダカーズ東京中央,35.731972,139.565194,400,0,800
ホンダカーズ東京中央,35.634028,139.445528,400,0,800
ホンダカーズ東京中央,35.747194,139.438222,400,0,800
ホンダカーズ全国,35.730869,139.289255,400,0,800
ホンダカーズ全国,35.771488,139.314985,400,0,800
ホンダカーズ全国,35.732881,139.866856,400,0,800
ホンダカーズ全国,35.74313,139.842194,400,0,800
ホンダカーズ全国,35.780078,139.860249,400,0,800
ホンダカーズ全国,35.700722,139.881253,400,0,800
ホンダカーズ全国,35.708259,139.874098,400,0,800
ホンダカーズ全国,35.66885,139.867428,400,0,800
ホンダカーズ全国,35.671794,139.876157,400,0,800
ホンダカーズ全国,35.719564,139.890715,400,0,800
ホンダカーズ全国,35.701319,139.821476,400,0,800
ホンダカーズ全国,35.669529,139.820948,400,0,800
ホンダカーズ全国,35.691387,139.815744,400,0,800
ホンダカーズ全国,35.717843,139.372416,400,0,800
ホンダカーズ全国,35.784864,139.312301,400,0,800
ホンダカーズ全国,35.652628,139.391616,400,0,800
ホンダカーズ全国,35.678626,139.282669,400,0,800
ホンダカーズ全国,35.662079,139.350319,400,0,800
ホンダカーズ全国,35.641749,139.289267,400,0,800
ホンダカーズ全国,35.746231,139.390891,400,0,800
ホンダカーズ全国,35.705702,139.56861,400,0,800
ホンダカーズ全国,35.752429,139.329221,400,0,800
ホンダカーズ全国,35.707103,139.744125,400,0,800
ホンダカーズ全国,35.772987,139.724347,400,0,800
ホンダカーズ全国,35.714838,139.814453,400,0,800
ホンダカーズ全国,35.712383,139.415056,400,0,800
ホンダカーズ全国,35.746874,139.625229,400,0,800
ホンダカーズ全国,35.183907,136.804401,400,0,800
ホンダカーズ全国,35.091796,137.080933,400,0,800
ホンダカーズ全国,35.094557,137.068951,400,0,800
ホンダカーズ全国,34.961937,137.070101,400,0,800
ホンダカーズ全国,34.978688,137.084152,400,0,800
ホンダカーズ全国,34.994289,137.075483,400,0,800
ホンダカーズ全国,34.96662,137.064607,400,0,800
ホンダカーズ全国,34.970855,137.052005,400,0,800
ホンダカーズ全国,35.283556,136.808832,400,0,800
ホンダカーズ全国,35.317848,136.771224,400,0,800
ホンダカーズ全国,35.310269,136.775638,400,0,800
ホンダカーズ全国,35.309806,136.818488,400,0,800
ホンダカーズ全国,35.310121,136.754554,400,0,800
ホンダカーズ全国,35.298294,136.82013,400,0,800
ホンダカーズ全国,35.24991,136.80606,400,0,800
ホンダカーズ全国,35.262524,136.779942,400,0,800
ホンダカーズ全国,35.217215,136.739904,400,0,800
ホンダカーズ全国,34.924065,137.179007,400,0,800
ホンダカーズ全国,34.925358,137.166998,400,0,800
ホンダカーズ全国,34.983525,137.162343,400,0,800
ホンダカーズ全国,34.90501,137.146706,400,0,800
ホンダカーズ全国,34.939826,137.150365,400,0,800
ホンダカーズ全国,34.944021,137.156717,400,0,800
ホンダカーズ全国,35.12257,136.773197,400,0,800
ホンダカーズ全国,34.820342,137.245307,400,0,800
ホンダカーズ全国,34.827172,137.217699,400,0,800
ホンダカーズ全国,34.99044,136.990771,400,0,800
ホンダカーズ全国,34.959551,137.003593,400,0,800
ホンダカーズ全国,35.005753,137.004834,400,0,800
ホンダカーズ全国,35.006008,136.99181,400,0,800
ホンダカーズ全国,35.358883,136.948661,400,0,800
ホンダカーズ全国,35.341996,136.868267,400,0,800
ホンダカーズ全国,35.329803,136.863431,400,0,800
ホンダカーズ全国,35.239991,136.961543,400,0,800
ホンダカーズ全国,35.228882,136.947834,400,0,800
ホンダカーズ全国,35.26667,136.993193,400,0,800
ホンダカーズ全国,35.269674,136.96847,400,0,800
ホンダカーズ全国,35.268033,137.026313,400,0,800
ホンダカーズ全国,35.284699,136.905505,400,0,800
ホンダカーズ全国,35.302796,136.921501,400,0,800
ホンダカーズ全国,35.294429,136.900644,400,0,800
ホンダカーズ全国,34.898152,136.838925,400,0,800
ホンダカーズ全国,35.222058,137.088323,400,0,800
ホンダカーズ全国,35.210318,137.086415,400,0,800
ホンダカーズ全国,34.884153,137.059557,400,0,800
ホンダカーズ全国,34.853884,137.049201,400,0,800
ホンダカーズ全国,35.039105,136.955052,400,0,800
ホンダカーズ全国,34.970026,136.914631,400,0,800
ホンダカーズ全国,35.005193,137.074622,400,0,800
ホンダカーズ全国,35.164089,137.03796,400,0,800
ホンダカーズ全国,35.174065,137.030019,400,0,800
ホンダカーズ全国,35.176012,136.745033,400,0,800
ホンダカーズ全国,35.17493,136.774844,400,0,800
ホンダカーズ全国,35.160054,136.775783,400,0,800
ホンダカーズ全国,35.005919,136.91649,400,0,800
ホンダカーズ全国,35.010019,136.905841,400,0,800
ホンダカーズ全国,35.017231,136.888415,400,0,800
ホンダカーズ全国,35.061738,136.913908,400,0,800
ホンダカーズ全国,35.158798,137.039744,400,0,800
ホンダカーズ全国,35.126552,137.045977,400,0,800
ホンダカーズ全国,34.876224,136.921863,400,0,800
ホンダカーズ全国,34.903492,136.948631,400,0,800
ホンダカーズ全国,34.901587,136.937155,400,0,800
ホンダカーズ全国,34.879743,136.919032,400,0,800
ホンダカーズ全国,35.213559,137.022125,400,0,800
ホンダカーズ全国,35.19699,137.035268,400,0,800
ホンダカーズ全国,34.896886,137.003324,400,0,800
ホンダカーズ全国,34.787615,137.375564,400,0,800
ホンダカーズ全国,34.780597,137.387066,400,0,800
ホンダカーズ全国,34.725726,137.379426,400,0,800
ホンダカーズ全国,34.771103,137.353499,400,0,800
ホンダカーズ全国,34.743839,137.406287,400,0,800
ホンダカーズ全国,34.74327,137.417114,400,0,800
ホンダカーズ全国,34.742699,137.369019,400,0,800
ホンダカーズ全国,34.745678,137.414137,400,0,800
ホンダカーズ全国,34.74795,137.432043,400,0,800
ホンダカーズ全国,34.716245,137.405533,400,0,800
ホンダカーズ全国,34.796694,137.367875,400,0,800
ホンダカーズ全国,34.813115,137.371151,400,0,800
ホンダカーズ全国,34.833923,137.409672,400,0,800
ホンダカーズ全国,34.821232,137.392638,400,0,800
ホンダカーズ全国,34.827665,137.338636,400,0,800
ホンダカーズ全国,35.081254,137.131441,400,0,800
ホンダカーズ全国,35.077823,137.161359,400,0,800
ホンダカーズ全国,35.057252,137.140469,400,0,800
ホンダカーズ全国,35.080851,137.181021,400,0,800
ホンダカーズ全国,35.141908,137.224921,400,0,800
ホンダカーズ全国,35.045897,137.004865,400,0,800
ホンダカーズ全国,35.058099,137.017508,400,0,800
ホンダカーズ全国,35.240807,136.866033,400,0,800
ホンダカーズ全国,35.113059,136.819858,400,0,800
ホンダカーズ全国,35.101549,136.823174,400,0,800
ホンダカーズ全国,35.113637,136.879891,400,0,800
ホンダカーズ全国,35.24411,137.018283,400,0,800
ホンダカーズ全国,35.199896,136.990031,400,0,800
ホンダカーズ全国,35.194052,136.958468,400,0,800
ホンダカーズ全国,35.198205,136.983477,400,0,800
ホンダカーズ全国,35.195392,137.029936,400,0,800
ホンダカーズ全国,35.141987,136.957428,400,0,800
ホンダカーズ全国,35.147439,136.947318,400,0,800
ホンダカーズ全国,35.149584,136.916762,400,0,800
ホンダカーズ全国,35.111014,136.92206,400,0,800
ホンダカーズ全国,35.119367,136.954032,400,0,800
ホンダカーズ全国,35.218133,136.892334,400,0,800
ホンダカーズ全国,35.196798,136.885291,400,0,800
ホンダカーズ全国,35.213354,136.870042,400,0,800
ホンダカーズ全国,35.217318,136.871947,400,0,800
ホンダカーズ全国,35.189314,136.980422,400,0,800
ホンダカーズ全国,35.161159,136.9543,400,0,800
ホンダカーズ全国,35.160619,136.91515,400,0,800
ホンダカーズ全国,35.12374,136.843612,400,0,800
ホンダカーズ全国,35.140455,136.871016,400,0,800
ホンダカーズ全国,35.125435,136.877533,400,0,800
ホンダカーズ全国,35.15832,136.843415,400,0,800
ホンダカーズ全国,35.177278,136.872676,400,0,800
ホンダカーズ全国,35.126434,136.99168,400,0,800
ホンダカーズ全国,35.139338,136.988403,400,0,800
ホンダカーズ全国,35.103397,136.952968,400,0,800
ホンダカーズ全国,35.120165,136.981015,400,0,800
ホンダカーズ全国,35.190325,136.955357,400,0,800
ホンダカーズ全国,35.106112,136.92639,400,0,800
ホンダカーズ全国,35.092088,136.921655,400,0,800
ホンダカーズ全国,35.197455,136.907333,400,0,800
ホンダカーズ全国,35.2369,136.909818,400,0,800
ホンダカーズ全国,35.169381,137.002612,400,0,800
ホンダカーズ全国,35.164699,137.017371,400,0,800
ホンダカーズ全国,35.160924,136.995146,400,0,800
ホンダカーズ全国,35.085448,136.94761,400,0,800
ホンダカーズ全国,35.09155,136.996172,400,0,800
ホンダカーズ全国,35.080905,136.967595,400,0,800
ホンダカーズ全国,35.077495,136.946068,400,0,800
ホンダカーズ全国,33.784833,132.786467,400,0,800
ホンダカーズ全国,33.771503,132.719461,400,0,800
ホンダカーズ全国,33.2042,132.553899,400,0,800
ホンダカーズ全国,33.54961,132.652768,400,0,800
ホンダカーズ全国,34.04894,133.019204,400,0,800
ホンダカーズ全国,34.047387,133.021279,400,0,800
ホンダカーズ全国,34.061174,132.977699,400,0,800
ホンダカーズ全国,33.974385,133.02228,400,0,800
ホンダカーズ全国,33.978886,133.022626,400,0,800
ホンダカーズ全国,34.052003,133.01776,400,0,800
ホンダカーズ全国,34.205889,133.112359,400,0,800
ホンダカーズ全国,34.044166,132.989549,400,0,800
ホンダカーズ全国,33.969372,133.519005,400,0,800
ホンダカーズ全国,34.000305,133.589713,400,0,800
ホンダカーズ全国,33.860434,132.749457,400,0,800
ホンダカーズ全国,33.828835,132.733717,400,0,800
ホンダカーズ全国,33.855799,132.744804,400,0,800
ホンダカーズ全国,33.855935,132.747804,400,0,800
ホンダカーズ全国,33.82147,132.766966,400,0,800
ホンダカーズ全国,33.822182,132.77619,400,0,800
ホンダカーズ全国,33.821344,132.739516,400,0,800
ホンダカーズ全国,33.81971,132.789569,400,0,800
ホンダカーズ全国,33.944019,133.296216,400,0,800
ホンダカーズ全国,33.93685,133.308948,400,0,800
ホンダカーズ全国,33.926901,133.263582,400,0,800
ホンダカーズ全国,33.905217,133.053776,400,0,800
ホンダカーズ全国,33.91078,133.149702,400,0,800
ホンダカーズ全国,33.394768,132.506161,400,0,800
ホンダカーズ全国,33.520398,132.572539,400,0,800
ホンダカーズ全国,33.527222,132.564126,400,0,800
ホンダカーズ全国,33.799012,132.91007,400,0,800
ホンダカーズ全国,32.958849,132.561162,400,0,800
ホンダカーズ全国,32.968963,132.658565,400,0,800
ホンダカーズ全国,33.460106,132.438896,400,0,800
ホンダカーズ全国,35.976751,139.972407,400,0,800
ホンダカーズ全国,36.057467,140.152393,400,0,800
ホンダカーズ全国,36.085469,140.125797,400,0,800
ホンダカーズ全国,36.09004,140.084769,400,0,800
ホンダカーズ全国,36.084857,140.073231,400,0,800
ホンダカーズ全国,36.038108,140.084462,400,0,800
ホンダカーズ全国,36.041446,140.062488,400,0,800
ホンダカーズ全国,36.430672,140.522898,400,0,800
ホンダカーズ全国,36.423788,140.541457,400,0,800
ホンダカーズ全国,36.395954,140.541103,400,0,800
ホンダカーズ全国,36.398554,140.561878,400,0,800
ホンダカーズ全国,36.040163,140.200506,400,0,800
ホンダカーズ全国,36.169012,139.966788,400,0,800
ホンダカーズ全国,36.320825,140.328132,400,0,800
ホンダカーズ全国,35.969531,140.139266,400,0,800
ホンダカーズ全国,35.990967,140.156791,400,0,800
ホンダカーズ全国,36.287421,139.871525,400,0,800
ホンダカーズ全国,36.170604,139.765198,400,0,800
ホンダカーズ全国,36.160132,139.719441,400,0,800
ホンダカーズ全国,36.05171,139.887215,400,0,800
ホンダカーズ全国,36.363354,140.114349,400,0,800
ホンダカーズ全国,35.958189,140.642391,400,0,800
ホンダカーズ全国,35.923141,140.004103,400,0,800
ホンダカーズ全国,35.918578,140.107771,400,0,800
ホンダカーズ全国,35.889081,140.074706,400,0,800
ホンダカーズ全国,35.919983,140.110054,400,0,800
ホンダカーズ全国,35.919447,140.109965,400,0,800
ホンダカーズ全国,36.012505,139.990193,400,0,800
ホンダカーズ全国,36.04043,139.988513,400,0,800
ホンダカーズ全国,36.532836,140.423092,400,0,800
ホンダカーズ全国,35.923741,140.638287,400,0,800
ホンダカーズ全国,35.921374,140.638903,400,0,800
ホンダカーズ全国,35.891157,140.660669,400,0,800
ホンダカーズ全国,36.334015,140.487623,400,0,800
ホンダカーズ全国,36.340075,140.44238,400,0,800
ホンダカーズ全国,36.35149,140.47223,400,0,800
ホンダカーズ全国,36.385553,140.442945,400,0,800
ホンダカーズ全国,36.351232,140.444776,400,0,800
ホンダカーズ全国,36.354362,140.439268,400,0,800
ホンダカーズ全国,36.386095,140.372634,400,0,800
ホンダカーズ全国,36.402785,140.451833,400,0,800
ホンダカーズ全国,36.373238,140.348859,400,0,800
ホンダカーズ全国,36.213343,140.281041,400,0,800
ホンダカーズ全国,36.196972,140.300984,400,0,800
ホンダカーズ全国,36.200133,140.300726,400,0,800
ホンダカーズ全国,36.198392,140.301648,400,0,800
ホンダカーズ全国,36.324412,140.01265,400,0,800
ホンダカーズ全国,36.271987,139.912433,400,0,800
ホンダカーズ全国,36.303374,139.95695,400,0,800
ホンダカーズ全国,36.047455,140.149802,400,0,800
ホンダカーズ全国,36.104046,140.20396,400,0,800
ホンダカーズ全国,36.080127,140.191834,400,0,800
ホンダカーズ全国,36.036645,140.16214,400,0,800
ホンダカーズ全国,36.124209,140.214891,400,0,800
ホンダカーズ全国,36.120938,140.169225,400,0,800
ホンダカーズ全国,36.102838,140.215081,400,0,800
ホンダカーズ全国,36.31445,140.438417,400,0,800
ホンダカーズ全国,36.544762,140.622574,400,0,800
ホンダカーズ全国,36.690622,140.713185,400,0,800
ホンダカーズ全国,36.642402,140.686739,400,0,800
ホンダカーズ全国,36.616588,140.673628,400,0,800
ホンダカーズ全国,36.603234,140.664237,400,0,800
ホンダカーズ全国,36.165469,140.524838,400,0,800
ホンダカーズ全国,36.836469,140.781859,400,0,800
ホンダカーズ全国,35.93996,140.17283,400,0,800
ホンダカーズ全国,35.927536,140.17595,400,0,800
ホンダカーズ全国,34.571913,133.472061,400,0,800
ホンダカーズ全国,34.670492,133.945257,400,0,800
ホンダカーズ全国,34.673936,133.966857,400,0,800
ホンダカーズ全国,34.633443,133.953299,400,0,800
ホンダカーズ全国,34.657847,134.018658,400,0,800
ホンダカーズ全国,34.691835,134.008923,400,0,800
ホンダカーズ全国,34.624269,133.877271,400,0,800
ホンダカーズ全国,34.549591,133.826621,400,0,800
ホンダカーズ全国,34.626141,133.938542,400,0,800
ホンダカーズ全国,34.646988,133.870714,400,0,800
ホンダカーズ全国,34.632151,133.918384,400,0,800
ホンダカーズ全国,34.648489,133.884762,400,0,800
ホンダカーズ全国,34.648086,133.882193,400,0,800
ホンダカーズ全国,34.695035,133.899572,400,0,800
ホンダカーズ全国,34.491265,133.948445,400,0,800
ホンダカーズ全国,34.780922,133.471727,400,0,800
ホンダカーズ全国,34.987862,133.697932,400,0,800
ホンダカーズ全国,35.063166,133.751638,400,0,800
ホンダカーズ全国,34.737925,134.00788,400,0,800
ホンダカーズ全国,34.51804,133.570611,400,0,800
ホンダカーズ全国,34.522242,133.577924,400,0,800
ホンダカーズ全国,34.58821,133.754493,400,0,800
ホンダカーズ全国,34.565857,133.767943,400,0,800
ホンダカーズ全国,34.56339,133.685228,400,0,800
ホンダカーズ全国,34.579436,133.769965,400,0,800
ホンダカーズ全国,34.473163,133.825563,400,0,800
ホンダカーズ全国,34.57705,133.727112,400,0,800
ホンダカーズ全国,34.579441,133.731573,400,0,800
ホンダカーズ全国,34.58368,133.739311,400,0,800
ホンダカーズ全国,34.523428,133.75894,400,0,800
ホンダカーズ全国,34.614841,133.78468,400,0,800
ホンダカーズ全国,34.545522,133.730377,400,0,800
ホンダカーズ全国,34.677516,133.771102,400,0,800
ホンダカーズ全国,35.074027,134.05226,400,0,800
ホンダカーズ全国,35.046461,133.970588,400,0,800
ホンダカーズ全国,35.061498,133.957994,400,0,800
ホンダカーズ全国,34.777721,134.17353,400,0,800
ホンダカーズ全国,26.263769,127.713232,400,0,800
ホンダカーズ全国,26.248307,127.719018,400,0,800
ホンダカーズ全国,26.245243,127.695739,400,0,800
ホンダカーズ全国,26.385316,127.827902,400,0,800
ホンダカーズ全国,26.318079,127.819429,400,0,800
ホンダカーズ全国,26.312486,127.761545,400,0,800
ホンダカーズ全国,26.199724,127.74941,400,0,800
ホンダカーズ全国,26.196971,127.718101,400,0,800
ホンダカーズ全国,26.157311,127.65365,400,0,800
ホンダカーズ全国,26.579989,127.98478,400,0,800
ホンダカーズ全国,38.932598,141.118012,400,0,800
ホンダカーズ全国,38.940626,141.145704,400,0,800
ホンダカーズ全国,39.158565,141.144712,400,0,800
ホンダカーズ全国,39.148031,141.14962,400,0,800
ホンダカーズ全国,39.152336,141.149208,400,0,800
ホンダカーズ全国,39.157211,141.147481,400,0,800
ホンダカーズ全国,39.396669,141.123192,400,0,800
ホンダカーズ全国,39.429337,141.130626,400,0,800
ホンダカーズ全国,39.258339,141.825578,400,0,800
ホンダカーズ全国,40.194448,141.766797,400,0,800
ホンダカーズ全国,40.194044,141.765655,400,0,800
ホンダカーズ全国,40.253446,141.477356,400,0,800
ホンダカーズ全国,39.615877,141.16623,400,0,800
ホンダカーズ全国,39.719259,141.141387,400,0,800
ホンダカーズ全国,39.654263,141.164212,400,0,800
ホンダカーズ全国,39.660243,141.161282,400,0,800
ホンダカーズ全国,39.732507,141.123502,400,0,800
ホンダカーズ全国,39.690063,141.165241,400,0,800
ホンダカーズ全国,39.666606,141.153127,400,0,800
ホンダカーズ全国,39.717853,141.144779,400,0,800
ホンダカーズ全国,39.685692,141.122548,400,0,800
ホンダカーズ全国,40.18461,141.155253,400,0,800
ホンダカーズ全国,40.267546,141.288718,400,0,800
ホンダカーズ全国,39.901584,141.098278,400,0,800
ホンダカーズ全国,39.308773,141.111204,400,0,800
ホンダカーズ全国,39.286703,141.106169,400,0,800
ホンダカーズ全国,35.392516,136.787762,400,0,800
ホンダカーズ全国,35.882465,137.205585,400,0,800
ホンダカーズ全国,35.417571,137.049367,400,0,800
ホンダカーズ全国,35.413792,137.06084,400,0,800
ホンダカーズ全国,35.403267,136.902178,400,0,800
ホンダカーズ全国,35.4138,137.060875,400,0,800
ホンダカーズ全国,35.403179,136.936475,400,0,800
ホンダカーズ全国,35.402807,136.930592,400,0,800
ホンダカーズ全国,35.397691,136.849714,400,0,800
ホンダカーズ全国,35.489297,136.927617,400,0,800
ホンダカーズ全国,35.50145,136.909212,400,0,800
ホンダカーズ全国,35.49855,136.902087,400,0,800
ホンダカーズ全国,35.481953,136.936702,400,0,800
ホンダカーズ全国,35.389308,136.747879,400,0,800
ホンダカーズ全国,35.396679,136.733122,400,0,800
ホンダカーズ全国,35.412115,136.698485,400,0,800
ホンダカーズ全国,35.442346,136.838105,400,0,800
ホンダカーズ全国,35.45451,136.766213,400,0,800
ホンダカーズ全国,35.451752,136.742786,400,0,800
ホンダカーズ全国,35.409444,136.726678,400,0,800
ホンダカーズ全国,35.408692,136.783701,400,0,800
ホンダカーズ全国,35.452658,136.778006,400,0,800
ホンダカーズ全国,35.411086,136.785326,400,0,800
ホンダカーズ全国,35.368074,136.746232,400,0,800
ホンダカーズ全国,36.148242,137.249198,400,0,800
ホンダカーズ全国,36.118466,137.262414,400,0,800
ホンダカーズ全国,35.355841,137.247057,400,0,800
ホンダカーズ全国,35.32522,137.129369,400,0,800
ホンダカーズ全国,35.345156,137.118083,400,0,800
ホンダカーズ全国,35.345694,137.110689,400,0,800
ホンダカーズ全国,35.348263,136.622494,400,0,800
ホンダカーズ全国,35.34216,136.608065,400,0,800
ホンダカーズ全国,35.344799,136.622722,400,0,800
ホンダカーズ全国,35.358968,136.585734,400,0,800
ホンダカーズ全国,35.354648,136.607304,400,0,800
ホンダカーズ全国,35.378206,136.614163,400,0,800
ホンダカーズ全国,35.460713,137.4473,400,0,800
ホンダカーズ全国,35.459797,137.444145,400,0,800
ホンダカーズ全国,35.4912,137.49484,400,0,800
ホンダカーズ全国,35.367298,137.191167,400,0,800
ホンダカーズ全国,35.451781,137.024168,400,0,800
ホンダカーズ全国,35.441769,136.999216,400,0,800
ホンダカーズ全国,35.53114,136.886622,400,0,800
ホンダカーズ全国,35.420621,136.682684,400,0,800
ホンダカーズ全国,32.049067,130.850812,400,0,800
ホンダカーズ全国,32.612885,131.682032,400,0,800
ホンダカーズ全国,32.571374,131.683978,400,0,800
ホンダカーズ全国,32.560855,131.680459,400,0,800
ホンダカーズ全国,31.952588,131.433097,400,0,800
ホンダカーズ全国,31.952588,131.433097,400,0,800
ホンダカーズ全国,32.005066,131.477497,400,0,800
ホンダカーズ全国,31.871028,131.393906,400,0,800
ホンダカーズ全国,31.889428,131.422553,400,0,800
ホンダカーズ全国,31.923178,131.390295,400,0,800
ホンダカーズ全国,31.92252,131.393032,400,0,800
ホンダカーズ全国,31.924373,131.390879,400,0,800
ホンダカーズ全国,31.92484,131.391517,400,0,800
ホンダカーズ全国,31.896499,131.417761,400,0,800
ホンダカーズ全国,31.94108,131.431195,400,0,800
ホンダカーズ全国,31.455651,131.239147,400,0,800
ホンダカーズ全国,32.118948,131.524746,400,0,800
ホンダカーズ全国,32.255892,131.554973,400,0,800
ホンダカーズ全国,31.981633,130.995864,400,0,800
ホンダカーズ全国,32.097552,131.404044,400,0,800
ホンダカーズ全国,31.702062,131.077501,400,0,800
ホンダカーズ全国,31.735297,131.080055,400,0,800
ホンダカーズ全国,31.738312,131.041431,400,0,800
ホンダカーズ全国,31.761931,131.088263,400,0,800
ホンダカーズ全国,,店舗情報無し,400,0,800
ホンダカーズ全国,31.765742,131.090618,400,0,800
ホンダカーズ全国,32.467793,131.648772,400,0,800
ホンダカーズ全国,32.431663,131.62867,400,0,800
ホンダカーズ全国,32.41657,131.631139,400,0,800
ホンダカーズ全国,32.412448,131.631159,400,0,800
ホンダカーズ全国,31.614489,131.373488,400,0,800
ホンダカーズ全国,38.529444,141.133703,400,0,800
ホンダカーズ全国,38.575636,140.860192,400,0,800
ホンダカーズ全国,37.9883,140.788222,400,0,800
ホンダカーズ全国,37.98642,140.79578,400,0,800
ホンダカーズ全国,38.106739,140.873631,400,0,800
ホンダカーズ全国,38.898679,141.56459,400,0,800
ホンダカーズ全国,38.31191,140.955669,400,0,800
ホンダカーズ全国,38.733046,141.005896,400,0,800
ホンダカーズ全国,38.438154,140.901955,400,0,800
ホンダカーズ全国,38.064718,140.762528,400,0,800
ホンダカーズ全国,38.053859,140.749347,400,0,800
ホンダカーズ全国,38.454968,141.260135,400,0,800
ホンダカーズ全国,38.429549,141.286149,400,0,800
ホンダカーズ全国,38.430218,141.284963,400,0,800
ホンダカーズ全国,38.441179,141.307519,400,0,800
ホンダカーズ全国,38.273438,140.904645,400,0,800
ホンダカーズ全国,38.278657,140.9829,400,0,800
ホンダカーズ全国,38.269372,140.944325,400,0,800
ホンダカーズ全国,38.263189,140.938635,400,0,800
ホンダカーズ全国,38.25209,140.928889,400,0,800
ホンダカーズ全国,38.235858,140.911995,400,0,800
ホンダカーズ全国,38.266982,140.780133,400,0,800
ホンダカーズ全国,38.287132,140.871201,400,0,800
ホンダカーズ全国,38.296594,140.862638,400,0,800
ホンダカーズ全国,38.331008,140.891452,400,0,800
ホンダカーズ全国,38.304373,140.91317,400,0,800
ホンダカーズ全国,38.308047,140.90296,400,0,800
ホンダカーズ全国,38.350894,140.874547,400,0,800
ホンダカーズ全国,38.29751,140.828524,400,0,800
ホンダカーズ全国,38.221295,140.886603,400,0,800
ホンダカーズ全国,38.225227,140.866432,400,0,800
ホンダカーズ全国,38.216889,140.837404,400,0,800
ホンダカーズ全国,38.284212,140.997962,400,0,800
ホンダカーズ全国,38.584087,140.967042,400,0,800
ホンダカーズ全国,38.581845,140.946536,400,0,800
ホンダカーズ全国,38.56921,140.958608,400,0,800
ホンダカーズ全国,38.600545,141.020984,400,0,800
ホンダカーズ全国,38.693462,141.206888,400,0,800
ホンダカーズ全国,38.024599,140.627478,400,0,800
ホンダカーズ全国,38.371025,140.87433,400,0,800
ホンダカーズ全国,38.178108,140.890121,400,0,800
ホンダカーズ全国,38.163396,140.890083,400,0,800
ホンダカーズ全国,38.162012,140.876659,400,0,800
ホンダカーズ全国,38.040615,140.869563,400,0,800
ホンダカーズ全国,35.303339,135.201996,400,0,800
ホンダカーズ全国,34.900405,135.783269,400,0,800
ホンダカーズ全国,34.905283,135.78341,400,0,800
ホンダカーズ全国,34.993557,135.547962,400,0,800
ホンダカーズ全国,35.031512,135.552522,400,0,800
ホンダカーズ全国,35.029298,135.554117,400,0,800
ホンダカーズ全国,34.880274,135.761994,400,0,800
ホンダカーズ全国,35.629167,134.926639,400,0,800
ホンダカーズ全国,35.740583,135.095764,400,0,800
ホンダカーズ全国,35.621142,135.072756,400,0,800
ホンダカーズ全国,35.677311,135.024521,400,0,800
ホンダカーズ全国,34.798939,135.78338,400,0,800
ホンダカーズ全国,35.001803,135.719342,400,0,800
ホンダカーズ全国,35.040775,135.783325,400,0,800
ホンダカーズ全国,35.04058,135.78958,400,0,800
ホンダカーズ全国,34.991091,135.808845,400,0,800
ホンダカーズ全国,34.968616,135.813785,400,0,800
ホンダカーズ全国,34.981709,135.800987,400,0,800
ホンダカーズ全国,35.021546,135.747184,400,0,800
ホンダカーズ全国,34.986085,135.69655,400,0,800
ホンダカーズ全国,34.970217,135.679767,400,0,800
ホンダカーズ全国,34.996526,135.736171,400,0,800
ホンダカーズ全国,35.013994,135.732155,400,0,800
ホンダカーズ全国,34.975463,135.726428,400,0,800
ホンダカーズ全国,34.94503,135.717191,400,0,800
ホンダカーズ全国,34.936159,135.744706,400,0,800
ホンダカーズ全国,34.961643,135.761917,400,0,800
ホンダカーズ全国,34.933522,135.790871,400,0,800
ホンダカーズ全国,35.049621,135.752127,400,0,800
ホンダカーズ全国,34.931559,135.709672,400,0,800
ホンダカーズ全国,34.847564,135.784523,400,0,800
ホンダカーズ全国,34.804323,135.912621,400,0,800
ホンダカーズ全国,34.936248,135.686108,400,0,800
ホンダカーズ全国,34.85971,135.713934,400,0,800
ホンダカーズ全国,35.448296,135.307202,400,0,800
ホンダカーズ全国,35.424538,135.329206,400,0,800
ホンダカーズ全国,35.471769,135.365735,400,0,800
ホンダカーズ全国,35.37333,135.130678,400,0,800
ホンダカーズ全国,35.293762,135.140545,400,0,800
ホンダカーズ全国,35.295122,135.142063,400,0,800
ホンダカーズ全国,35.293197,135.11632,400,0,800
ホンダカーズ全国,34.737075,135.803473,400,0,800
ホンダカーズ全国,32.937677,131.113603,400,0,800
ホンダカーズ全国,32.601815,130.70203,400,0,800
ホンダカーズ全国,32.649335,130.686137,400,0,800
ホンダカーズ全国,32.693726,130.670311,400,0,800
ホンダカーズ全国,32.861984,130.812116,400,0,800
ホンダカーズ全国,32.875265,130.863854,400,0,800
ホンダカーズ全国,32.972938,130.801642,400,0,800
ホンダカーズ全国,32.935884,130.516387,400,0,800
ホンダカーズ全国,32.921419,130.580334,400,0,800
ホンダカーズ全国,32.813588,130.700492,400,0,800
ホンダカーズ全国,32.770531,130.728585,400,0,800
ホンダカーズ全国,32.781477,130.697157,400,0,800
ホンダカーズ全国,32.802058,130.719618,400,0,800
ホンダカーズ全国,32.78686,130.710639,400,0,800
ホンダカーズ全国,32.779752,130.715486,400,0,800
ホンダカーズ全国,32.832126,130.773217,400,0,800
ホンダカーズ全国,32.777487,130.773679,400,0,800
ホンダカーズ全国,32.748343,130.687575,400,0,800
ホンダカーズ全国,32.714155,130.679238,400,0,800
ホンダカーズ全国,32.83823,130.71934,400,0,800
ホンダカーズ全国,32.858903,130.709613,400,0,800
ホンダカーズ全国,32.995006,130.43678,400,0,800
ホンダカーズ全国,32.986192,130.700745,400,0,800
ホンダカーズ全国,33.009948,130.706013,400,0,800
ホンダカーズ全国,32.227166,130.752504,400,0,800
ホンダカーズ全国,32.199716,130.755269,400,0,800
ホンダカーズ全国,32.209969,130.423124,400,0,800
ホンダカーズ全国,32.433993,130.189661,400,0,800
ホンダカーズ全国,32.504306,130.643399,400,0,800
ホンダカーズ全国,32.483894,130.608199,400,0,800
ホンダカーズ全国,36.374913,139.293242,400,0,800
ホンダカーズ全国,36.413336,139.28304,400,0,800
ホンダカーズ全国,36.333954,138.929994,400,0,800
ホンダカーズ全国,36.315303,139.238293,400,0,800
ホンダカーズ全国,36.354166,139.232605,400,0,800
ホンダカーズ全国,36.333194,139.189538,400,0,800
ホンダカーズ全国,36.3215,139.183656,400,0,800
ホンダカーズ全国,36.322398,139.174049,400,0,800
ホンダカーズ全国,36.31341,139.173247,400,0,800
ホンダカーズ全国,36.233383,139.545198,400,0,800
ホンダカーズ全国,36.24447,139.523477,400,0,800
ホンダカーズ全国,36.391031,139.34552,400,0,800
ホンダカーズ全国,36.377537,139.346037,400,0,800
ホンダカーズ全国,36.380054,139.341951,400,0,800
ホンダカーズ全国,36.375885,139.346918,400,0,800
ホンダカーズ全国,36.589938,138.825118,400,0,800
ホンダカーズ全国,36.571368,138.823347,400,0,800
ホンダカーズ全国,36.352051,138.99987,400,0,800
ホンダカーズ全国,36.303354,139.029717,400,0,800
ホンダカーズ全国,36.341145,139.026383,400,0,800
ホンダカーズ全国,36.329765,139.027483,400,0,800
ホンダカーズ全国,36.324268,139.034672,400,0,800
ホンダカーズ全国,36.299452,139.036444,400,0,800
ホンダカーズ全国,36.345071,139.009282,400,0,800
ホンダカーズ全国,36.351799,139.0112,400,0,800
ホンダカーズ全国,36.305888,139.116238,400,0,800
ホンダカーズ全国,36.473155,139.016033,400,0,800
ホンダカーズ全国,36.473355,139.004198,400,0,800
ホンダカーズ全国,36.660209,139.088942,400,0,800
ホンダカーズ全国,36.634378,139.039134,400,0,800
ホンダカーズ全国,36.38242,139.041447,400,0,800
ホンダカーズ全国,36.427278,139.055516,400,0,800
ホンダカーズ全国,36.412414,139.057377,400,0,800
ホンダカーズ全国,36.41372,139.165647,400,0,800
ホンダカーズ全国,36.387588,139.092011,400,0,800
ホンダカーズ全国,36.401237,139.037138,400,0,800
ホンダカーズ全国,36.382741,139.095013,400,0,800
ホンダカーズ全国,36.366388,139.108554,400,0,800
ホンダカーズ全国,36.375428,139.096863,400,0,800
ホンダカーズ全国,36.366809,139.048824,400,0,800
ホンダカーズ全国,36.395546,139.042513,400,0,800
ホンダカーズ全国,36.256522,139.377891,400,0,800
ホンダカーズ全国,36.306239,139.29868,400,0,800
ホンダカーズ全国,36.289111,139.384242,400,0,800
ホンダカーズ全国,36.270884,139.346731,400,0,800
ホンダカーズ全国,36.269946,139.376932,400,0,800
ホンダカーズ全国,36.336105,139.353302,400,0,800
ホンダカーズ全国,36.277979,139.072294,400,0,800
ホンダカーズ全国,36.245921,139.064173,400,0,800
ホンダカーズ全国,36.263157,138.875963,400,0,800
ホンダカーズ全国,36.427572,139.024132,400,0,800
ホンダカーズ全国,36.257882,139.424065,400,0,800
ホンダカーズ全国,36.682621,138.990575,400,0,800
ホンダカーズ全国,34.681361,132.736764,400,0,800
ホンダカーズ全国,34.241421,132.562599,400,0,800
ホンダカーズ全国,34.234712,132.615931,400,0,800
ホンダカーズ全国,34.239772,132.61354,400,0,800
ホンダカーズ全国,34.250861,132.629985,400,0,800
ホンダカーズ全国,34.227017,132.637427,400,0,800
ホンダカーズ全国,34.251756,132.562332,400,0,800
ホンダカーズ全国,34.339932,132.539867,400,0,800
ホンダカーズ全国,34.468311,132.46353,400,0,800
ホンダカーズ全国,34.467731,132.480356,400,0,800
ホンダカーズ全国,34.519381,132.508902,400,0,800
ホンダカーズ全国,34.364256,132.357714,400,0,800
ホンダカーズ全国,34.379771,132.360492,400,0,800
ホンダカーズ全国,34.379838,132.361037,400,0,800
ホンダカーズ全国,34.376192,132.394246,400,0,800
ホンダカーズ全国,34.418935,132.457252,400,0,800
ホンダカーズ全国,34.39704,132.439293,400,0,800
ホンダカーズ全国,34.379908,132.427138,400,0,800
ホンダカーズ全国,34.375925,132.434968,400,0,800
ホンダカーズ全国,34.394508,132.496102,400,0,800
ホンダカーズ全国,34.388292,132.48957,400,0,800
ホンダカーズ全国,34.376207,132.497642,400,0,800
ホンダカーズ全国,34.374597,132.51406,400,0,800
ホンダカーズ全国,34.392161,133.064303,400,0,800
ホンダカーズ全国,34.805093,132.877102,400,0,800
ホンダカーズ全国,34.641117,132.511246,400,0,800
ホンダカーズ全国,34.858006,133.007553,400,0,800
ホンダカーズ全国,34.585614,133.059429,400,0,800
ホンダカーズ全国,34.242754,132.221772,400,0,800
ホンダカーズ全国,34.343388,132.90573,400,0,800
ホンダカーズ全国,34.316685,132.834181,400,0,800
ホンダカーズ全国,34.426177,132.736462,400,0,800
ホンダカーズ全国,34.428313,132.751967,400,0,800
ホンダカーズ全国,34.447935,132.700643,400,0,800
ホンダカーズ全国,34.350546,132.332566,400,0,800
ホンダカーズ全国,34.415375,133.187103,400,0,800
ホンダカーズ全国,34.433056,133.22949,400,0,800
ホンダカーズ全国,34.495646,133.413859,400,0,800
ホンダカーズ全国,34.492835,133.408118,400,0,800
ホンダカーズ全国,34.543707,133.332558,400,0,800
ホンダカーズ全国,34.487183,133.385025,400,0,800
ホンダカーズ全国,34.553137,133.270124,400,0,800
ホンダカーズ全国,34.551571,133.382504,400,0,800
ホンダカーズ全国,34.504039,133.389432,400,0,800
ホンダカーズ全国,34.501289,133.398099,400,0,800
ホンダカーズ全国,34.486085,133.351408,400,0,800
ホンダカーズ全国,34.26516,134.183254,400,0,800
ホンダカーズ全国,34.317444,133.825012,400,0,800
ホンダカーズ全国,34.316405,133.822988,400,0,800
ホンダカーズ全国,34.131883,133.692612,400,0,800
ホンダカーズ全国,34.118275,133.676751,400,0,800
ホンダカーズ全国,34.103369,133.662211,400,0,800
ホンダカーズ全国,34.239422,133.896593,400,0,800
ホンダカーズ全国,34.275232,133.795064,400,0,800
ホンダカーズ全国,34.264484,133.79462,400,0,800
ホンダカーズ全国,34.301982,133.806156,400,0,800
ホンダカーズ全国,34.266261,133.85892,400,0,800
ホンダカーズ全国,34.336944,134.10221,400,0,800
ホンダカーズ全国,34.344398,134.014473,400,0,800
ホンダカーズ全国,34.34335,134.00604,400,0,800
ホンダカーズ全国,34.30476,133.975338,400,0,800
ホンダカーズ全国,34.296147,133.941326,400,0,800
ホンダカーズ全国,34.301241,134.035516,400,0,800
ホンダカーズ全国,34.339174,134.087562,400,0,800
ホンダカーズ全国,34.309843,134.049192,400,0,800
ホンダカーズ全国,34.312599,134.073889,400,0,800
ホンダカーズ全国,34.305869,134.065874,400,0,800
ホンダカーズ全国,34.492343,134.19886,400,0,800
ホンダカーズ全国,34.487421,134.195771,400,0,800
ホンダカーズ全国,34.239475,133.757021,400,0,800
ホンダカーズ全国,34.234773,133.786807,400,0,800
ホンダカーズ全国,34.258198,133.733093,400,0,800
ホンダカーズ全国,34.26335,133.749822,400,0,800
ホンダカーズ全国,34.269422,134.289221,400,0,800
ホンダカーズ全国,34.2684,134.139245,400,0,800
ホンダカーズ全国,33.428874,134.014661,400,0,800
ホンダカーズ全国,33.48921,133.935368,400,0,800
ホンダカーズ全国,33.548446,133.43383,400,0,800
ホンダカーズ全国,33.551933,133.715029,400,0,800
ホンダカーズ全国,33.563031,133.546191,400,0,800
ホンダカーズ全国,33.556155,133.57403,400,0,800
ホンダカーズ全国,33.556435,133.578635,400,0,800
ホンダカーズ全国,33.563351,133.559906,400,0,800
ホンダカーズ全国,33.550807,133.511819,400,0,800
ホンダカーズ全国,33.541045,133.483301,400,0,800
ホンダカーズ全国,33.538949,133.488797,400,0,800
ホンダカーズ全国,33.571249,133.521682,400,0,800
ホンダカーズ全国,33.56595,133.556643,400,0,800
ホンダカーズ全国,33.581862,133.565297,400,0,800
ホンダカーズ全国,32.980387,132.911926,400,0,800
ホンダカーズ全国,32.991804,132.962997,400,0,800
ホンダカーズ全国,33.288598,134.150815,400,0,800
ホンダカーズ全国,33.413621,133.291843,400,0,800
ホンダカーズ全国,33.495949,133.430847,400,0,800
ホンダカーズ全国,33.565415,133.652149,400,0,800
ホンダカーズ全国,33.568357,133.644463,400,0,800
ホンダカーズ全国,33.277098,129.894526,400,0,800
ホンダカーズ全国,33.259944,129.857354,400,0,800
ホンダカーズ全国,33.245718,130.27504,400,0,800
ホンダカーズ全国,33.258641,130.320039,400,0,800
ホンダカーズ全国,33.283105,130.291521,400,0,800
ホンダカーズ全国,33.270663,130.270834,400,0,800
ホンダカーズ全国,33.245752,130.273432,400,0,800
ホンダカーズ全国,33.238809,130.303541,400,0,800
ホンダカーズ全国,33.128721,130.106021,400,0,800
ホンダカーズ全国,33.259643,130.083944,400,0,800
ホンダカーズ全国,33.376355,130.506639,400,0,800
ホンダカーズ全国,33.373568,130.498422,400,0,800
ホンダカーズ全国,33.435883,130.009019,400,0,800
ホンダカーズ全国,33.426513,129.985999,400,0,800
ホンダカーズ全国,33.196748,130.031485,400,0,800
ホンダカーズ全国,33.19564,130.025414,400,0,800
ホンダカーズ全国,35.869653,139.664205,400,0,800
ホンダカーズ全国,35.862878,139.646207,400,0,800
ホンダカーズ全国,35.942801,139.70034,400,0,800
ホンダカーズ全国,35.958058,139.656961,400,0,800
ホンダカーズ全国,35.92379,139.64845,400,0,800
ホンダカーズ全国,35.924085,139.579677,400,0,800
ホンダカーズ全国,35.914817,139.562154,400,0,800
ホンダカーズ全国,35.933095,139.59587,400,0,800
ホンダカーズ全国,35.891408,139.643562,400,0,800
ホンダカーズ全国,35.893638,139.628118,400,0,800
ホンダカーズ全国,35.891416,139.621963,400,0,800
ホンダカーズ全国,35.952448,139.616298,400,0,800
ホンダカーズ全国,35.925078,139.615594,400,0,800
ホンダカーズ全国,35.882335,139.669884,400,0,800
ホンダカーズ全国,35.890337,139.733565,400,0,800
ホンダカーズ全国,35.856899,139.514473,400,0,800
ホンダカーズ全国,35.883327,139.809478,400,0,800
ホンダカーズ全国,35.867409,139.795366,400,0,800
ホンダカーズ全国,35.900001,139.767016,400,0,800
ホンダカーズ全国,35.912733,139.780742,400,0,800
ホンダカーズ全国,35.861338,139.805323,400,0,800
ホンダカーズ全国,36.011576,139.562503,400,0,800
ホンダカーズ全国,36.132331,139.587754,400,0,800
ホンダカーズ全国,36.073421,139.675595,400,0,800
ホンダカーズ全国,36.086081,139.675083,400,0,800
ホンダカーズ全国,35.85233,139.398767,400,0,800
ホンダカーズ全国,35.870898,139.423508,400,0,800
ホンダカーズ全国,36.139445,139.396959,400,0,800
ホンダカーズ全国,36.150747,139.350441,400,0,800
ホンダカーズ全国,36.173153,139.343318,400,0,800
ホンダカーズ全国,36.174569,139.339455,400,0,800
ホンダカーズ全国,36.150854,139.373445,400,0,800
ホンダカーズ全国,35.815929,139.673234,400,0,800
ホンダカーズ全国,35.811799,139.659785,400,0,800
ホンダカーズ全国,36.058282,139.714418,400,0,800
ホンダカーズ全国,36.148749,139.487772,400,0,800
ホンダカーズ全国,36.113359,139.440282,400,0,800
ホンダカーズ全国,36.071351,139.4998,400,0,800
ホンダカーズ全国,35.972634,139.406427,400,0,800
ホンダカーズ全国,35.798192,139.860271,400,0,800
ホンダカーズ全国,35.849048,139.848842,400,0,800
ホンダカーズ全国,35.85001,139.85905,400,0,800
ホンダカーズ全国,35.840761,139.583649,400,0,800
ホンダカーズ全国,35.987317,139.790289,400,0,800
ホンダカーズ全国,35.986808,139.757933,400,0,800
ホンダカーズ全国,35.967838,139.735222,400,0,800
ホンダカーズ全国,35.971524,139.767524,400,0,800
ホンダカーズ全国,35.798935,139.446614,400,0,800
ホンダカーズ全国,35.798938,139.450261,400,0,800
ホンダカーズ全国,35.794408,139.470879,400,0,800
ホンダカーズ全国,35.812399,139.426896,400,0,800
ホンダカーズ全国,35.806267,139.407331,400,0,800
ホンダカーズ全国,35.994455,139.575506,400,0,800
ホンダカーズ全国,35.973863,139.597999,400,0,800
ホンダカーズ全国,35.980096,139.597952,400,0,800
ホンダカーズ全国,35.799001,139.563786,400,0,800
ホンダカーズ全国,36.177637,139.303526,400,0,800
ホンダカーズ全国,36.179606,139.286816,400,0,800
ホンダカーズ全国,35.892185,139.492504,400,0,800
ホンダカーズ全国,35.912357,139.469597,400,0,800
ホンダカーズ全国,35.940249,139.481798,400,0,800
ホンダカーズ全国,35.913208,139.499206,400,0,800
ホンダカーズ全国,35.915128,139.43187,400,0,800
ホンダカーズ全国,35.879829,139.497446,400,0,800
ホンダカーズ全国,35.891184,139.450638,400,0,800
ホンダカーズ全国,35.948708,139.474757,400,0,800
ホンダカーズ全国,35.872873,139.7465,400,0,800
ホンダカーズ全国,35.865985,139.748353,400,0,800
ホンダカーズ全国,35.842215,139.693001,400,0,800
ホンダカーズ全国,35.829703,139.704092,400,0,800
ホンダカーズ全国,35.804229,139.711311,400,0,800
ホンダカーズ全国,35.809428,139.73374,400,0,800
ホンダカーズ全国,35.822352,139.738131,400,0,800
ホンダカーズ全国,35.82406,139.793114,400,0,800
ホンダカーズ全国,35.835063,139.781295,400,0,800
ホンダカーズ全国,36.121912,139.214125,400,0,800
ホンダカーズ全国,36.066276,139.098748,400,0,800
ホンダカーズ全国,35.985969,139.0823,400,0,800
ホンダカーズ全国,35.790269,139.583851,400,0,800
ホンダカーズ全国,35.943896,139.394581,400,0,800
ホンダカーズ全国,35.935798,139.390987,400,0,800
ホンダカーズ全国,35.930821,139.413692,400,0,800
ホンダカーズ全国,36.041399,139.415487,400,0,800
ホンダカーズ全国,36.038638,139.41634,400,0,800
ホンダカーズ全国,36.033312,139.345895,400,0,800
ホンダカーズ全国,35.891637,139.33464,400,0,800
ホンダカーズ全国,35.906134,139.372756,400,0,800
ホンダカーズ全国,35.824267,139.535606,400,0,800
ホンダカーズ全国,35.820776,139.550941,400,0,800
ホンダカーズ全国,35.836826,139.527606,400,0,800
ホンダカーズ全国,35.93547,139.310074,400,0,800
ホンダカーズ全国,35.828858,139.40595,400,0,800
ホンダカーズ全国,35.845599,139.35591,400,0,800
ホンダカーズ全国,36.01965,139.652516,400,0,800
ホンダカーズ全国,35.8209,139.837341,400,0,800
ホンダカーズ全国,35.861027,139.321853,400,0,800
ホンダカーズ全国,36.035488,139.723745,400,0,800
ホンダカーズ全国,35.976315,139.63869,400,0,800
ホンダカーズ全国,36.039928,139.537702,400,0,800
ホンダカーズ全国,36.054748,139.526141,400,0,800
ホンダカーズ全国,36.232697,139.193823,400,0,800
ホンダカーズ全国,36.23853,139.204485,400,0,800
ホンダカーズ全国,35.999809,139.655136,400,0,800
ホンダカーズ全国,35.784724,139.610168,400,0,800
ホンダカーズ全国,35.784396,139.604929,400,0,800
ホンダカーズ全国,35.83308,139.670464,400,0,800
ホンダカーズ全国,35.106223,136.525146,400,0,800
ホンダカーズ全国,34.790219,136.144486,400,0,800
ホンダカーズ全国,34.47048,136.714596,400,0,800
ホンダカーズ全国,34.509975,136.719501,400,0,800
ホンダカーズ全国,34.493626,136.672375,400,0,800
ホンダカーズ全国,34.50755,136.725373,400,0,800
ホンダカーズ全国,34.875253,136.472405,400,0,800
ホンダカーズ全国,34.85167,136.466967,400,0,800
ホンダカーズ全国,33.855945,136.072597,400,0,800
ホンダカーズ全国,35.075927,136.612264,400,0,800
ホンダカーズ全国,35.0554,136.694641,400,0,800
ホンダカーズ全国,35.05514,136.695711,400,0,800
ホンダカーズ全国,35.056133,136.672512,400,0,800
ホンダカーズ全国,35.088109,136.630954,400,0,800
ホンダカーズ全国,35.036388,136.531307,400,0,800
ホンダカーズ全国,35.028241,136.672196,400,0,800
ホンダカーズ全国,34.9681,136.59444,400,0,800
ホンダカーズ全国,34.967586,136.613013,400,0,800
ホンダカーズ全国,34.92914,136.597046,400,0,800
ホンダカーズ全国,34.984218,136.608702,400,0,800
ホンダカーズ全国,34.974375,136.624676,400,0,800
ホンダカーズ全国,34.990186,136.549376,400,0,800
ホンダカーズ全国,35.025845,136.609983,400,0,800
ホンダカーズ全国,34.946602,136.606142,400,0,800
ホンダカーズ全国,34.942475,136.603101,400,0,800
ホンダカーズ全国,34.992317,136.642932,400,0,800
ホンダカーズ全国,34.998658,136.644176,400,0,800
ホンダカーズ全国,34.324543,136.844578,400,0,800
ホンダカーズ全国,34.2768,136.877451,400,0,800
ホンダカーズ全国,34.619924,136.460682,400,0,800
ホンダカーズ全国,34.535931,136.529429,400,0,800
ホンダカーズ全国,34.603298,136.51877,400,0,800
ホンダカーズ全国,34.586803,136.527792,400,0,800
ホンダカーズ全国,34.777682,136.46432,400,0,800
ホンダカーズ全国,34.659152,136.441738,400,0,800
ホンダカーズ全国,34.671035,136.519015,400,0,800
ホンダカーズ全国,34.800215,136.557359,400,0,800
ホンダカーズ全国,34.671579,136.485871,400,0,800
ホンダカーズ全国,34.684755,136.484846,400,0,800
ホンダカーズ全国,34.754345,136.522108,400,0,800
ホンダカーズ全国,34.756959,136.522925,400,0,800
ホンダカーズ全国,34.700884,136.509089,400,0,800
ホンダカーズ全国,34.721428,136.489557,400,0,800
ホンダカーズ全国,34.710519,136.512429,400,0,800
ホンダカーズ全国,34.685781,136.517414,400,0,800
ホンダカーズ全国,34.688414,136.515753,400,0,800
ホンダカーズ全国,34.76731,136.495001,400,0,800
ホンダカーズ全国,34.511978,136.642065,400,0,800
ホンダカーズ全国,34.059905,136.197434,400,0,800
ホンダカーズ全国,34.62669,136.108887,400,0,800
ホンダカーズ全国,34.636589,136.111903,400,0,800
ホンダカーズ全国,34.655784,136.115224,400,0,800
ホンダカーズ全国,34.650812,136.104248,400,0,800
ホンダカーズ全国,34.853418,136.507848,400,0,800
ホンダカーズ全国,34.874957,136.559055,400,0,800
ホンダカーズ全国,34.874913,136.557331,400,0,800
ホンダカーズ全国,34.828079,136.579798,400,0,800
ホンダカーズ全国,34.873566,136.525499,400,0,800
ホンダカーズ全国,34.876885,136.583962,400,0,800
ホンダカーズ全国,34.860931,136.598627,400,0,800
ホンダカーズ全国,34.864977,136.54362,400,0,800
ホンダカーズ全国,34.860158,136.543082,400,0,800
ホンダカーズ全国,34.875438,136.576265,400,0,800
ホンダカーズ全国,38.366507,140.287177,400,0,800
ホンダカーズ全国,38.261232,140.321842,400,0,800
ホンダカーズ全国,38.273287,140.36066,400,0,800
ホンダカーズ全国,38.226158,140.335522,400,0,800
ホンダカーズ全国,38.286352,140.324206,400,0,800
ホンダカーズ全国,38.215622,140.325121,400,0,800
ホンダカーズ全国,38.895952,139.845384,400,0,800
ホンダカーズ全国,38.742987,140.309347,400,0,800
ホンダカーズ全国,38.187322,140.113433,400,0,800
ホンダカーズ全国,38.745811,139.84332,400,0,800
ホンダカーズ全国,38.734123,139.801874,400,0,800
ホンダカーズ全国,38.747422,139.842525,400,0,800
ホンダカーズ全国,38.367019,140.386045,400,0,800
ホンダカーズ全国,38.369777,140.383918,400,0,800
ホンダカーズ全国,38.425444,140.386637,400,0,800
ホンダカーズ全国,38.030059,140.098865,400,0,800
ホンダカーズ全国,38.041398,140.161049,400,0,800
ホンダカーズ全国,38.040191,140.162952,400,0,800
ホンダカーズ全国,37.949299,140.071134,400,0,800
ホンダカーズ全国,37.941884,140.119768,400,0,800
ホンダカーズ全国,37.936249,140.117599,400,0,800
ホンダカーズ全国,33.951034,131.260034,400,0,800
ホンダカーズ全国,33.94266,131.271545,400,0,800
ホンダカーズ全国,33.981863,131.203085,400,0,800
ホンダカーズ全国,33.977152,131.204718,400,0,800
ホンダカーズ全国,33.980472,131.216739,400,0,800
ホンダカーズ全国,33.962153,131.320228,400,0,800
ホンダカーズ全国,33.997857,130.952116,400,0,800
ホンダカーズ全国,34.02917,130.912443,400,0,800
ホンダカーズ全国,33.995952,130.92464,400,0,800
ホンダカーズ全国,34.06607,131.02913,400,0,800
ホンダカーズ全国,33.940582,130.914679,400,0,800
ホンダカーズ全国,33.985994,130.931657,400,0,800
ホンダカーズ全国,33.932596,130.903746,400,0,800
ホンダカーズ全国,33.97955,130.937173,400,0,800
ホンダカーズ全国,33.979097,130.940715,400,0,800
ホンダカーズ全国,34.019612,131.854693,400,0,800
ホンダカーズ全国,34.171274,132.210231,400,0,800
ホンダカーズ全国,34.139195,132.209082,400,0,800
ホンダカーズ全国,33.950072,132.042809,400,0,800
ホンダカーズ全国,33.9698,131.929836,400,0,800
ホンダカーズ全国,34.156494,131.442284,400,0,800
ホンダカーズ全国,34.096721,131.403345,400,0,800
ホンダカーズ全国,34.158181,131.491434,400,0,800
ホンダカーズ全国,34.137317,131.424003,400,0,800
ホンダカーズ全国,34.149964,131.433855,400,0,800
ホンダカーズ全国,34.002263,131.180764,400,0,800
ホンダカーズ全国,34.069647,131.784401,400,0,800
ホンダカーズ全国,34.068977,131.78093,400,0,800
ホンダカーズ全国,34.032691,131.836692,400,0,800
ホンダカーズ全国,34.37672,131.192504,400,0,800
ホンダカーズ全国,34.405343,131.388463,400,0,800
ホンダカーズ全国,34.05227,131.549507,400,0,800
ホンダカーズ全国,34.052795,131.55509,400,0,800
ホンダカーズ全国,34.055565,131.59214,400,0,800
ホンダカーズ全国,33.963275,132.11166,400,0,800
ホンダカーズ全国,35.694891,138.713581,400,0,800
ホンダカーズ全国,35.692145,138.722364,400,0,800
ホンダカーズ全国,35.657934,138.525137,400,0,800
ホンダカーズ全国,35.666919,138.511758,400,0,800
ホンダカーズ全国,35.673136,138.556608,400,0,800
ホンダカーズ全国,35.636577,138.554632,400,0,800
ホンダカーズ全国,35.634358,138.556548,400,0,800
ホンダカーズ全国,35.653356,138.61715,400,0,800
ホンダカーズ全国,35.6139,138.977326,400,0,800
ホンダカーズ全国,35.541453,138.891963,400,0,800
ホンダカーズ全国,35.634468,138.498204,400,0,800
ホンダカーズ全国,35.592396,138.50146,400,0,800
ホンダカーズ全国,35.697837,138.461287,400,0,800
ホンダカーズ全国,35.727283,138.449309,400,0,800
ホンダカーズ全国,35.48263,138.811015,400,0,800
ホンダカーズ全国,35.478511,138.807257,400,0,800
ホンダカーズ全国,35.184998,136.212475,400,0,800
ホンダカーズ全国,35.136179,136.106659,400,0,800
ホンダカーズ全国,35.108066,136.116738,400,0,800
ホンダカーズ全国,35.106961,136.115857,400,0,800
ホンダカーズ全国,35.098487,136.1037,400,0,800
ホンダカーズ全国,35.036081,136.008086,400,0,800
ホンダカーズ全国,35.02496,135.990232,400,0,800
ホンダカーズ全国,34.985319,136.114352,400,0,800
ホンダカーズ全国,34.98517,136.133733,400,0,800
ホンダカーズ全国,34.981898,136.147146,400,0,800
ホンダカーズ全国,34.978346,136.164125,400,0,800
ホンダカーズ全国,34.953688,136.222584,400,0,800
ホンダカーズ全国,35.326876,136.024414,400,0,800
ホンダカーズ全国,35.066769,135.990721,400,0,800
ホンダカーズ全国,35.074918,135.992101,400,0,800
ホンダカーズ全国,35.040194,135.959591,400,0,800
ホンダカーズ全国,35.006962,135.955342,400,0,800
ホンダカーズ全国,35.002378,135.886821,400,0,800
ホンダカーズ全国,35.104568,135.905155,400,0,800
ホンダカーズ全国,34.993498,135.884616,400,0,800
ホンダカーズ全国,34.978584,135.911116,400,0,800
ホンダカーズ全国,35.001967,135.888757,400,0,800
ホンダカーズ全国,35.046489,135.866752,400,0,800
ホンダカーズ全国,35.477956,136.232498,400,0,800
ホンダカーズ全国,35.39531,136.289109,400,0,800
ホンダカーズ全国,35.37341,136.288279,400,0,800
ホンダカーズ全国,35.380356,136.28536,400,0,800
ホンダカーズ全国,35.059855,136.181052,400,0,800
ホンダカーズ全国,35.091244,136.194799,400,0,800
ホンダカーズ全国,35.264872,136.248902,400,0,800
ホンダカーズ全国,35.257824,136.266053,400,0,800
ホンダカーズ全国,35.248678,136.261054,400,0,800
ホンダカーズ全国,35.346831,136.294847,400,0,800
ホンダカーズ全国,35.072967,136.026262,400,0,800
ホンダカーズ全国,32.033029,130.203664,400,0,800
ホンダカーズ全国,31.736455,130.642629,400,0,800
ホンダカーズ全国,31.721945,130.622103,400,0,800
ホンダカーズ全国,31.835717,130.287987,400,0,800
ホンダカーズ全国,31.791236,130.311527,400,0,800
ホンダカーズ全国,31.473558,131.082818,400,0,800
ホンダカーズ全国,31.265668,130.625687,400,0,800
ホンダカーズ全国,31.397074,130.890193,400,0,800
ホンダカーズ全国,31.401726,130.870078,400,0,800
ホンダカーズ全国,31.358334,130.807722,400,0,800
ホンダカーズ全国,31.622956,130.52628,400,0,800
ホンダカーズ全国,31.54508,130.54199,400,0,800
ホンダカーズ全国,31.630639,130.571535,400,0,800
ホンダカーズ全国,31.589776,130.561471,400,0,800
ホンダカーズ全国,31.579164,130.562157,400,0,800
ホンダカーズ全国,31.60671,130.536686,400,0,800
ホンダカーズ全国,31.548499,130.502183,400,0,800
ホンダカーズ全国,31.584583,130.522916,400,0,800
ホンダカーズ全国,31.534692,130.53343,400,0,800
ホンダカーズ全国,31.556668,130.547712,400,0,800
ホンダカーズ全国,31.555613,130.545795,400,0,800
ホンダカーズ全国,31.569148,130.56084,400,0,800
ホンダカーズ全国,32.075615,130.341993,400,0,800
ホンダカーズ全国,31.641033,131.009103,400,0,800
ホンダカーズ全国,28.374746,129.560221,400,0,800
ホンダカーズ全国,27.366034,128.625811,400,0,800
ホンダカーズ全国,31.420033,130.327587,400,0,800
ホンダカーズ全国,31.394017,130.405551,400,0,800
ホンダカーズ全国,31.633916,130.40113,400,0,800
ホンダカーズ全国,31.732588,130.762708,400,0,800
ホンダカーズ全国,31.73374,130.738316,400,0,800
ホンダカーズ全国,31.737859,130.7404,400,0,800
ホンダカーズ全国,39.30524,140.557064,400,0,800
ホンダカーズ全国,39.318294,140.554316,400,0,800
ホンダカーズ全国,39.222849,140.517679,400,0,800
ホンダカーズ全国,39.290489,140.561323,400,0,800
ホンダカーズ全国,39.877039,139.990495,400,0,800
ホンダカーズ全国,39.799667,140.06036,400,0,800
ホンダカーズ全国,39.717487,140.148815,400,0,800
ホンダカーズ全国,39.718474,140.091376,400,0,800
ホンダカーズ全国,39.741399,140.0943,400,0,800
ホンダカーズ全国,39.686434,140.125247,400,0,800
ホンダカーズ全国,39.680968,140.126264,400,0,800
ホンダカーズ全国,39.729973,140.103938,400,0,800
ホンダカーズ全国,39.733256,140.101277,400,0,800
ホンダカーズ全国,40.272981,140.541304,400,0,800
ホンダカーズ全国,40.283583,140.552141,400,0,800
ホンダカーズ全国,39.449714,140.505402,400,0,800
ホンダカーズ全国,39.485823,140.491688,400,0,800
ホンダカーズ全国,39.468203,140.46912,400,0,800
ホンダカーズ全国,39.571072,140.580867,400,0,800
ホンダカーズ全国,39.906412,139.924701,400,0,800
ホンダカーズ全国,39.175861,140.492038,400,0,800
ホンダカーズ全国,39.950596,140.128245,400,0,800
ホンダカーズ全国,40.174377,140.020421,400,0,800
ホンダカーズ全国,40.185665,140.062802,400,0,800
ホンダカーズ全国,39.395082,140.030338,400,0,800
ホンダカーズ全国,39.402633,140.031778,400,0,800
ホンダカーズ全国,39.393137,140.030241,400,0,800
ホンダカーズ全国,37.820419,139.227055,400,0,800
ホンダカーズ全国,37.653951,138.938207,400,0,800
ホンダカーズ全国,37.702298,138.88432,400,0,800
ホンダカーズ全国,37.232136,138.970255,400,0,800
ホンダカーズ全国,37.553948,138.892357,400,0,800
ホンダカーズ全国,37.534264,138.891396,400,0,800
ホンダカーズ全国,37.823039,138.288005,400,0,800
ホンダカーズ全国,38.004969,138.332363,400,0,800
ホンダカーズ全国,37.644852,138.939271,400,0,800
ホンダカーズ全国,37.616672,138.936879,400,0,800
ホンダカーズ全国,37.638237,138.976689,400,0,800
ホンダカーズ全国,37.035947,137.842577,400,0,800
ホンダカーズ全国,37.099271,138.734318,400,0,800
ホンダカーズ全国,37.306834,138.783643,400,0,800
ホンダカーズ全国,37.168134,138.256388,400,0,800
ホンダカーズ全国,37.086545,138.249942,400,0,800
ホンダカーズ全国,37.119027,138.26287,400,0,800
ホンダカーズ全国,37.13967,138.240088,400,0,800
ホンダカーズ全国,37.850819,139.143771,400,0,800
ホンダカーズ全国,37.868312,139.085319,400,0,800
ホンダカーズ全国,37.867832,139.081659,400,0,800
ホンダカーズ全国,37.79009,139.142335,400,0,800
ホンダカーズ全国,37.809093,139.126444,400,0,800
ホンダカーズ全国,37.768308,138.899229,400,0,800
ホンダカーズ全国,37.873933,139.017594,400,0,800
ホンダカーズ全国,37.89929,139.000113,400,0,800
ホンダカーズ全国,37.897451,138.995944,400,0,800
ホンダカーズ全国,37.850007,138.939559,400,0,800
ホンダカーズ全国,37.910247,139.067121,400,0,800
ホンダカーズ全国,37.901866,139.035644,400,0,800
ホンダカーズ全国,37.897986,139.028356,400,0,800
ホンダカーズ全国,37.901192,139.050493,400,0,800
ホンダカーズ全国,37.918772,139.094291,400,0,800
ホンダカーズ全国,37.91658,139.095958,400,0,800
ホンダカーズ全国,37.933557,139.118077,400,0,800
ホンダカーズ全国,37.795977,139.017843,400,0,800
ホンダカーズ全国,37.964338,139.313663,400,0,800
ホンダカーズ全国,37.954299,139.292474,400,0,800
ホンダカーズ全国,38.197749,139.470184,400,0,800
ホンダカーズ全国,38.231908,139.498667,400,0,800
ホンダカーズ全国,37.482636,138.871776,400,0,800
ホンダカーズ全国,37.485877,139.008561,400,0,800
ホンダカーズ全国,37.450733,138.807338,400,0,800
ホンダカーズ全国,37.436532,138.793926,400,0,800
ホンダカーズ全国,37.496534,138.872413,400,0,800
ホンダカーズ全国,37.421923,138.835552,400,0,800
ホンダカーズ全国,37.08565,138.886982,400,0,800
ホンダカーズ全国,37.374052,138.578583,400,0,800
ホンダカーズ全国,37.361501,138.567209,400,0,800
ホンダカーズ全国,37.368966,138.561271,400,0,800
ホンダカーズ全国,37.379979,138.580508,400,0,800
ホンダカーズ全国,35.532486,139.275098,400,0,800
ホンダカーズ全国,35.453926,139.417915,400,0,800
ホンダカーズ全国,35.39501,139.28862,400,0,800
ホンダカーズ全国,35.232657,139.678444,400,0,800
ホンダカーズ全国,35.268516,139.684155,400,0,800
ホンダカーズ全国,35.244908,139.683004,400,0,800
ホンダカーズ全国,35.240531,139.676008,400,0,800
ホンダカーズ全国,35.278054,139.676902,400,0,800
ホンダカーズ全国,35.230285,139.654893,400,0,800
ホンダカーズ全国,35.224355,139.644441,400,0,800
ホンダカーズ全国,35.479469,139.536639,400,0,800
ホンダカーズ全国,35.45368,139.520361,400,0,800
ホンダカーズ全国,35.47718,139.541605,400,0,800
ホンダカーズ全国,35.461801,139.510731,400,0,800
ホンダカーズ全国,35.392843,139.614081,400,0,800
ホンダカーズ全国,35.420919,139.625827,400,0,800
ホンダカーズ全国,35.367089,139.5598,400,0,800
ホンダカーズ全国,35.369822,139.538765,400,0,800
ホンダカーズ全国,35.345831,139.60997,400,0,800
ホンダカーズ全国,35.318863,139.622358,400,0,800
ホンダカーズ全国,35.390063,139.521225,400,0,800
ホンダカーズ全国,35.427212,139.553078,400,0,800
ホンダカーズ全国,35.421621,139.554536,400,0,800
ホンダカーズ全国,35.417421,139.560913,400,0,800
ホンダカーズ全国,35.415392,139.59644,400,0,800
ホンダカーズ全国,35.382476,139.574973,400,0,800
ホンダカーズ全国,35.496909,139.615682,400,0,800
ホンダカーズ全国,35.528848,139.634213,400,0,800
ホンダカーズ全国,35.504945,139.604055,400,0,800
ホンダカーズ全国,35.544429,139.642865,400,0,800
ホンダカーズ全国,35.477196,139.480302,400,0,800
ホンダカーズ全国,35.57294,139.550558,400,0,800
ホンダカーズ全国,35.552018,139.536577,400,0,800
ホンダカーズ全国,35.548565,139.516115,400,0,800
ホンダカーズ全国,35.408411,139.513595,400,0,800
ホンダカーズ全国,35.527431,139.684175,400,0,800
ホンダカーズ全国,35.507798,139.662116,400,0,800
ホンダカーズ全国,35.565025,139.577809,400,0,800
ホンダカーズ全国,35.534455,139.585307,400,0,800
ホンダカーズ全国,35.538559,139.560715,400,0,800
ホンダカーズ全国,35.535422,139.593817,400,0,800
ホンダカーズ全国,35.476323,139.601409,400,0,800
ホンダカーズ全国,35.444959,139.581648,400,0,800
ホンダカーズ全国,35.514329,139.541952,400,0,800
ホンダカーズ全国,35.515568,139.499297,400,0,800
ホンダカーズ全国,35.452561,139.381165,400,0,800
ホンダカーズ全国,35.442926,139.386776,400,0,800
ホンダカーズ全国,35.433838,139.382401,400,0,800
ホンダカーズ全国,35.327216,139.523628,400,0,800
ホンダカーズ全国,35.314539,139.501388,400,0,800
ホンダカーズ全国,35.330829,139.511895,400,0,800
ホンダカーズ全国,35.332967,139.386258,400,0,800
ホンダカーズ全国,35.323831,139.437526,400,0,800
ホンダカーズ全国,35.342934,139.378891,400,0,800
ホンダカーズ全国,35.440201,139.35722,400,0,800
ホンダカーズ全国,35.439404,139.357006,400,0,800
ホンダカーズ全国,35.454255,139.359139,400,0,800
ホンダカーズ全国,35.42876,139.338896,400,0,800
ホンダカーズ全国,35.513217,139.420188,400,0,800
ホンダカーズ全国,35.486082,139.397438,400,0,800
ホンダカーズ全国,35.265844,139.168393,400,0,800
ホンダカーズ全国,35.264483,139.170765,400,0,800
ホンダカーズ全国,35.279642,139.169439,400,0,800
ホンダカーズ全国,35.373835,139.200286,400,0,800
ホンダカーズ全国,35.38068,139.238427,400,0,800
ホンダカーズ全国,35.593701,139.541419,400,0,800
ホンダカーズ全国,35.585896,139.576402,400,0,800
ホンダカーズ全国,35.583006,139.588818,400,0,800
ホンダカーズ全国,35.577298,139.581127,400,0,800
ホンダカーズ全国,35.536116,139.666252,400,0,800
ホンダカーズ全国,35.572363,139.630764,400,0,800
ホンダカーズ全国,35.572847,139.617959,400,0,800
ホンダカーズ全国,35.525242,139.718691,400,0,800
ホンダカーズ全国,35.628935,139.539493,400,0,800
ホンダカーズ全国,35.61182,139.57797,400,0,800
ホンダカーズ全国,35.620986,139.552453,400,0,800
ホンダカーズ全国,35.563068,139.648724,400,0,800
ホンダカーズ全国,35.594265,139.506756,400,0,800
ホンダカーズ全国,35.605002,139.503503,400,0,800
ホンダカーズ全国,35.576435,139.365774,400,0,800
ホンダカーズ全国,35.566569,139.386767,400,0,800
ホンダカーズ全国,35.573626,139.370323,400,0,800
ホンダカーズ全国,35.55511,139.345165,400,0,800
ホンダカーズ全国,35.556618,139.399027,400,0,800
ホンダカーズ全国,35.545747,139.426967,400,0,800
ホンダカーズ全国,35.525441,139.448043,400,0,800
ホンダカーズ全国,35.589015,139.343017,400,0,800
ホンダカーズ全国,35.589952,139.305871,400,0,800
ホンダカーズ全国,35.329414,139.123444,400,0,800
ホンダカーズ全国,35.437596,139.465715,400,0,800
ホンダカーズ全国,35.453169,139.467064,400,0,800
ホンダカーズ全国,35.463684,139.470192,400,0,800
ホンダカーズ全国,35.476162,139.464736,400,0,800
ホンダカーズ全国,35.313342,139.244089,400,0,800
ホンダカーズ全国,35.402864,139.469357,400,0,800
ホンダカーズ全国,35.399584,139.469998,400,0,800
ホンダカーズ全国,35.398728,139.442753,400,0,800
ホンダカーズ全国,35.382672,139.449375,400,0,800
ホンダカーズ全国,35.34461,139.447095,400,0,800
ホンダカーズ全国,35.365119,139.479145,400,0,800
ホンダカーズ全国,35.362143,139.360747,400,0,800
ホンダカーズ全国,35.382115,139.361192,400,0,800
ホンダカーズ全国,35.333353,139.325997,400,0,800
ホンダカーズ全国,35.36606,139.361769,400,0,800
ホンダカーズ全国,40.802046,140.397052,400,0,800
ホンダカーズ全国,41.273289,141.202681,400,0,800
ホンダカーズ全国,40.788493,140.456023,400,0,800
ホンダカーズ全国,40.790745,140.449492,400,0,800
ホンダカーズ全国,40.596345,140.499253,400,0,800
ホンダカーズ全国,40.619028,140.488078,400,0,800
ホンダカーズ全国,40.617331,140.485828,400,0,800
ホンダカーズ全国,40.633494,140.594532,400,0,800
ホンダカーズ全国,40.345557,141.162515,400,0,800
ホンダカーズ全国,40.42979,141.321522,400,0,800
ホンダカーズ全国,40.676637,141.367043,400,0,800
ホンダカーズ全国,40.610911,141.182382,400,0,800
ホンダカーズ全国,40.612874,141.254775,400,0,800
ホンダカーズ全国,40.65133,141.195852,400,0,800
ホンダカーズ全国,40.647484,141.371649,400,0,800
ホンダカーズ全国,40.661694,141.37727,400,0,800
ホンダカーズ全国,40.828255,140.786697,400,0,800
ホンダカーズ全国,40.803687,140.75524,400,0,800
ホンダカーズ全国,40.824982,140.708289,400,0,800
ホンダカーズ全国,40.825964,140.690404,400,0,800
ホンダカーズ全国,40.798549,140.757464,400,0,800
ホンダカーズ全国,40.801049,140.757323,400,0,800
ホンダカーズ全国,40.527514,141.467222,400,0,800
ホンダカーズ全国,40.539294,141.473799,400,0,800
ホンダカーズ全国,40.526373,141.491936,400,0,800
ホンダカーズ全国,40.521624,141.496919,400,0,800
ホンダカーズ全国,40.517221,141.449222,400,0,800
ホンダカーズ全国,40.509843,141.532283,400,0,800
ホンダカーズ全国,40.482647,141.562208,400,0,800
ホンダカーズ全国,40.488801,141.50747,400,0,800
ホンダカーズ全国,40.492514,141.508388,400,0,800
ホンダカーズ全国,40.50729,141.516401,400,0,800
ホンダカーズ全国,34.929509,139.093183,400,0,800
ホンダカーズ全国,34.958582,139.102317,400,0,800
ホンダカーズ全国,35.003049,138.940748,400,0,800
ホンダカーズ全国,34.666953,138.911098,400,0,800
ホンダカーズ全国,34.771204,137.980483,400,0,800
ホンダカーズ全国,34.780371,138.037236,400,0,800
ホンダカーズ全国,34.761969,138.022207,400,0,800
ホンダカーズ全国,34.751123,138.078633,400,0,800
ホンダカーズ全国,34.624169,138.161252,400,0,800
ホンダカーズ全国,34.624375,138.17933,400,0,800
ホンダカーズ全国,35.313563,138.927446,400,0,800
ホンダカーズ全国,35.305647,138.921708,400,0,800
ホンダカーズ全国,35.150362,138.907182,400,0,800
ホンダカーズ全国,35.108089,138.902508,400,0,800
ホンダカーズ全国,35.10857,138.890918,400,0,800
ホンダカーズ全国,35.132631,138.873621,400,0,800
ホンダカーズ全国,35.120146,138.851179,400,0,800
ホンダカーズ全国,35.100961,138.847612,400,0,800
ホンダカーズ全国,34.843184,138.312224,400,0,800
ホンダカーズ全国,34.878741,138.308697,400,0,800
ホンダカーズ全国,34.859021,138.291957,400,0,800
ホンダカーズ全国,34.789717,138.253021,400,0,800
ホンダカーズ全国,35.164213,138.905091,400,0,800
ホンダカーズ全国,35.160975,138.903999,400,0,800
ホンダカーズ全国,34.963158,138.377288,400,0,800
ホンダカーズ全国,34.992441,138.415917,400,0,800
ホンダカーズ全国,34.9861,138.411465,400,0,800
ホンダカーズ全国,34.999165,138.40965,400,0,800
ホンダカーズ全国,34.997479,138.395521,400,0,800
ホンダカーズ全国,34.948937,138.35849,400,0,800
ホンダカーズ全国,34.987953,138.424908,400,0,800
ホンダカーズ全国,34.951584,138.391098,400,0,800
ホンダカーズ全国,34.94283,138.376433,400,0,800
ホンダカーズ全国,35.017492,138.470773,400,0,800
ホンダカーズ全国,35.014209,138.454314,400,0,800
ホンダカーズ全国,34.743043,137.909811,400,0,800
ホンダカーズ全国,34.751142,137.908506,400,0,800
ホンダカーズ全国,35.083792,138.935789,400,0,800
ホンダカーズ全国,34.828463,138.138959,400,0,800
ホンダカーズ全国,34.840549,138.168234,400,0,800
ホンダカーズ全国,34.835233,138.226189,400,0,800
ホンダカーズ全国,34.834296,138.266022,400,0,800
ホンダカーズ全国,34.844987,138.228205,400,0,800
ホンダカーズ全国,34.845038,138.226808,400,0,800
ホンダカーズ全国,34.878669,138.271159,400,0,800
ホンダカーズ全国,34.858535,138.269546,400,0,800
ホンダカーズ全国,35.046219,139.074293,400,0,800
ホンダカーズ全国,34.808109,137.836756,400,0,800
ホンダカーズ全国,34.721219,137.858365,400,0,800
ホンダカーズ全国,34.725501,137.821007,400,0,800
ホンダカーズ全国,34.695015,137.852003,400,0,800
ホンダカーズ全国,34.699407,137.698739,400,0,800
ホンダカーズ全国,34.699262,137.679144,400,0,800
ホンダカーズ全国,34.696412,137.643309,400,0,800
ホンダカーズ全国,34.752513,137.72174,400,0,800
ホンダカーズ全国,34.713339,137.728123,400,0,800
ホンダカーズ全国,34.744697,137.726335,400,0,800
ホンダカーズ全国,34.694522,137.719005,400,0,800
ホンダカーズ全国,34.722755,137.731822,400,0,800
ホンダカーズ全国,34.737164,137.789695,400,0,800
ホンダカーズ全国,34.76099,137.75316,400,0,800
ホンダカーズ全国,34.722614,137.769268,400,0,800
ホンダカーズ全国,34.687625,137.67995,400,0,800
ホンダカーズ全国,34.686119,137.754549,400,0,800
ホンダカーズ全国,34.812139,137.779233,400,0,800
ホンダカーズ全国,34.79734,137.774656,400,0,800
ホンダカーズ全国,34.766334,137.728531,400,0,800
ホンダカーズ全国,34.767675,137.718099,400,0,800
ホンダカーズ全国,35.23804,138.619362,400,0,800
ホンダカーズ全国,35.214952,138.630754,400,0,800
ホンダカーズ全国,35.234046,138.618546,400,0,800
ホンダカーズ全国,35.219884,138.610239,400,0,800
ホンダカーズ全国,35.149991,138.699428,400,0,800
ホンダカーズ全国,35.164187,138.670125,400,0,800
ホンダカーズ全国,35.161926,138.67062,400,0,800
ホンダカーズ全国,35.202257,138.643272,400,0,800
ホンダカーズ全国,35.200151,138.644933,400,0,800
ホンダカーズ全国,35.177924,138.664896,400,0,800
ホンダカーズ全国,34.715439,138.180573,400,0,800
ホンダカーズ全国,34.740817,138.234446,400,0,800
ホンダカーズ全国,36.771433,136.727367,400,0,800
ホンダカーズ全国,36.722253,136.698891,400,0,800
ホンダカーズ全国,36.307527,136.35575,400,0,800
ホンダカーズ全国,36.567701,136.604856,400,0,800
ホンダカーズ全国,36.523232,136.628436,400,0,800
ホンダカーズ全国,36.558169,136.59916,400,0,800
ホンダカーズ全国,36.599378,136.681065,400,0,800
ホンダカーズ全国,36.587788,136.633944,400,0,800
ホンダカーズ全国,36.589299,136.655034,400,0,800
ホンダカーズ全国,36.572498,136.632537,400,0,800
ホンダカーズ全国,36.56218,136.641798,400,0,800
ホンダカーズ全国,36.604899,136.634662,400,0,800
ホンダカーズ全国,36.566282,136.623607,400,0,800
ホンダカーズ全国,36.602389,136.682168,400,0,800
ホンダカーズ全国,37.02389,136.959538,400,0,800
ホンダカーズ全国,37.018482,136.95545,400,0,800
ホンダカーズ全国,37.067956,136.854554,400,0,800
ホンダカーズ全国,37.025739,136.939974,400,0,800
ホンダカーズ全国,37.01447,136.951636,400,0,800
ホンダカーズ全国,37.03714,136.969149,400,0,800
ホンダカーズ全国,36.374932,136.438833,400,0,800
ホンダカーズ全国,36.411605,136.467036,400,0,800
ホンダカーズ全国,36.39131,136.452651,400,0,800
ホンダカーズ全国,36.522315,136.580876,400,0,800
ホンダカーズ全国,36.507766,136.554998,400,0,800
ホンダカーズ全国,36.537258,136.617442,400,0,800
ホンダカーズ全国,36.535175,136.615926,400,0,800
ホンダカーズ全国,37.390062,136.899334,400,0,800
ホンダカーズ全国,35.303938,140.399849,400,0,800
ホンダカーズ全国,35.729788,140.647574,400,0,800
ホンダカーズ全国,35.724663,140.647696,400,0,800
ホンダカーズ全国,35.798235,140.137435,400,0,800
ホンダカーズ全国,35.74525,140.288785,400,0,800
ホンダカーズ全国,35.877777,139.999647,400,0,800
ホンダカーズ全国,35.874699,140.043448,400,0,800
ホンダカーズ全国,35.867344,140.026564,400,0,800
ホンダカーズ全国,35.752365,140.003697,400,0,800
ホンダカーズ全国,35.775872,139.994522,400,0,800
ホンダカーズ全国,35.763256,140.016192,400,0,800
ホンダカーズ全国,35.102352,140.102655,400,0,800
ホンダカーズ全国,35.011003,139.871462,400,0,800
ホンダカーズ全国,35.344078,139.876209,400,0,800
ホンダカーズ全国,35.330936,139.922908,400,0,800
ホンダカーズ全国,35.89161,140.451156,400,0,800
ホンダカーズ全国,35.85159,140.586169,400,0,800
ホンダカーズ全国,35.874518,140.472907,400,0,800
ホンダカーズ全国,35.717058,140.131694,400,0,800
ホンダカーズ全国,35.717258,140.135332,400,0,800
ホンダカーズ全国,35.718046,140.182821,400,0,800
ホンダカーズ全国,35.713545,140.150036,400,0,800
ホンダカーズ全国,35.71111,140.252989,400,0,800
ホンダカーズ全国,35.675795,140.173498,400,0,800
ホンダカーズ全国,35.46769,140.043716,400,0,800
ホンダカーズ全国,35.517662,140.087616,400,0,800
ホンダカーズ全国,35.504281,140.107629,400,0,800
ホンダカーズ全国,35.439767,140.11771,400,0,800
ホンダカーズ全国,35.536652,140.111448,400,0,800
ホンダカーズ全国,35.659519,139.919346,400,0,800
ホンダカーズ全国,35.710188,139.933476,400,0,800
ホンダカーズ全国,35.680215,139.904824,400,0,800
ホンダカーズ全国,35.728116,139.914047,400,0,800
ホンダカーズ全国,35.740928,139.949335,400,0,800
ホンダカーズ全国,35.711293,139.931193,400,0,800
ホンダカーズ全国,35.691012,140.040202,400,0,800
ホンダカーズ全国,35.835432,139.91239,400,0,800
ホンダカーズ全国,35.792173,139.96599,400,0,800
ホンダカーズ全国,35.825378,139.934952,400,0,800
ホンダカーズ全国,35.783446,139.919853,400,0,800
ホンダカーズ全国,35.765415,139.911449,400,0,800
ホンダカーズ全国,35.789762,139.910015,400,0,800
ホンダカーズ全国,35.788802,139.930446,400,0,800
ホンダカーズ全国,35.792208,140.32203,400,0,800
ホンダカーズ全国,35.77301,140.315617,400,0,800
ホンダカーズ全国,35.654612,140.120179,400,0,800
ホンダカーズ全国,35.659488,140.089142,400,0,800
ホンダカーズ全国,35.653555,140.056337,400,0,800
ホンダカーズ全国,35.6068,140.109585,400,0,800
ホンダカーズ全国,35.617701,140.151756,400,0,800
ホンダカーズ全国,35.610041,140.139669,400,0,800
ホンダカーズ全国,35.580465,140.133423,400,0,800
ホンダカーズ全国,35.553131,140.12461,400,0,800
ホンダカーズ全国,35.618713,140.126715,400,0,800
ホンダカーズ全国,35.639771,140.074925,400,0,800
ホンダカーズ全国,35.523647,140.277532,400,0,800
ホンダカーズ全国,35.560909,140.179006,400,0,800
ホンダカーズ全国,35.55236,140.167708,400,0,800
ホンダカーズ全国,35.704704,139.997477,400,0,800
ホンダカーズ全国,35.712693,140.054535,400,0,800
ホンダカーズ全国,35.704094,140.059224,400,0,800
ホンダカーズ全国,35.706893,140.009604,400,0,800
ホンダカーズ全国,35.703221,140.009126,400,0,800
ホンダカーズ全国,35.709218,139.981187,400,0,800
ホンダカーズ全国,35.683282,140.517434,400,0,800
ホンダカーズ全国,35.421445,139.959535,400,0,800
ホンダカーズ全国,35.715507,140.794571,400,0,800
ホンダカーズ全国,35.745829,140.789559,400,0,800
ホンダカーズ全国,35.736512,140.816022,400,0,800
ホンダカーズ全国,35.372839,140.369195,400,0,800
ホンダカーズ全国,35.587452,140.390871,400,0,800
ホンダカーズ全国,35.559527,140.372494,400,0,800
ホンダカーズ全国,35.860821,139.96687,400,0,800
ホンダカーズ全国,35.885784,139.962642,400,0,800
ホンダカーズ全国,35.850623,139.957327,400,0,800
ホンダカーズ全国,35.821336,139.97214,400,0,800
ホンダカーズ全国,35.857708,139.986624,400,0,800
ホンダカーズ全国,35.862118,139.946214,400,0,800
ホンダカーズ全国,35.849523,139.957071,400,0,800
ホンダカーズ全国,35.780137,140.043529,400,0,800
ホンダカーズ全国,35.797721,140.041123,400,0,800
ホンダカーズ全国,35.669043,140.294729,400,0,800
ホンダカーズ全国,35.68762,140.310074,400,0,800
ホンダカーズ全国,35.71513,140.090688,400,0,800
ホンダカーズ全国,35.72429,140.085496,400,0,800
ホンダカーズ全国,35.219011,139.904374,400,0,800
ホンダカーズ全国,35.736209,140.325762,400,0,800
ホンダカーズ全国,35.438564,140.288223,400,0,800
ホンダカーズ全国,35.465841,140.300343,400,0,800
ホンダカーズ全国,35.427275,140.314647,400,0,800
ホンダカーズ全国,35.369539,139.928596,400,0,800
ホンダカーズ全国,35.386472,139.935344,400,0,800
ホンダカーズ全国,35.386395,139.93435,400,0,800
ホンダカーズ全国,35.393394,139.938853,400,0,800
ホンダカーズ全国,35.386669,139.930542,400,0,800
ホンダカーズ全国,35.946207,139.88286,400,0,800
ホンダカーズ全国,35.954797,139.870224,400,0,800
ホンダカーズ全国,35.961277,139.871354,400,0,800
ホンダカーズ全国,35.864844,139.902918,400,0,800
ホンダカーズ全国,35.872971,139.919647,400,0,800
ホンダカーズ全国,35.906778,139.903095,400,0,800
ホンダカーズ全国,35.904184,139.901856,400,0,800
ホンダカーズ全国,34.832214,135.558596,400,0,800
ホンダカーズ全国,34.831184,135.56919,400,0,800
ホンダカーズ全国,34.804323,135.564621,400,0,800
ホンダカーズ全国,34.819718,135.559702,400,0,800
ホンダカーズ全国,34.820801,135.559627,400,0,800
ホンダカーズ全国,34.538176,135.60934,400,0,800
ホンダカーズ全国,34.446741,135.555554,400,0,800
ホンダカーズ全国,34.434434,135.359316,400,0,800
ホンダカーズ全国,34.470053,135.399432,400,0,800
ホンダカーズ全国,34.449557,135.376101,400,0,800
ホンダカーズ全国,34.455251,135.386061,400,0,800
ホンダカーズ全国,34.801128,135.675403,400,0,800
ホンダカーズ全国,34.762938,135.660802,400,0,800
ホンダカーズ全国,34.773781,135.671701,400,0,800
ホンダカーズ全国,34.793329,135.686294,400,0,800
ホンダカーズ全国,34.52626,135.432481,400,0,800
ホンダカーズ全国,34.519373,135.44606,400,0,800
ホンダカーズ全国,34.853977,135.636775,400,0,800
ホンダカーズ全国,34.845902,135.600542,400,0,800
ホンダカーズ全国,34.837404,135.630176,400,0,800
ホンダカーズ全国,34.853313,135.633923,400,0,800
ホンダカーズ全国,34.567621,135.491327,400,0,800
ホンダカーズ全国,34.55518,135.467641,400,0,800
ホンダカーズ全国,34.588432,135.488513,400,0,800
ホンダカーズ全国,34.511446,135.465922,400,0,800
ホンダカーズ全国,34.540762,135.462706,400,0,800
ホンダカーズ全国,34.539827,135.491406,400,0,800
ホンダカーズ全国,34.558442,135.543603,400,0,800
ホンダカーズ全国,34.490496,135.496723,400,0,800
ホンダカーズ全国,34.510449,135.488176,400,0,800
ホンダカーズ全国,34.531759,135.565969,400,0,800
ホンダカーズ全国,34.563499,135.519783,400,0,800
ホンダカーズ全国,34.57895,135.51663,400,0,800
ホンダカーズ全国,34.552064,135.499994,400,0,800
ホンダカーズ全国,34.748516,135.576477,400,0,800
ホンダカーズ全国,34.719913,135.570378,400,0,800
ホンダカーズ全国,34.5837,135.553085,400,0,800
ホンダカーズ全国,34.758513,135.626058,400,0,800
ホンダカーズ全国,34.78043,135.619033,400,0,800
ホンダカーズ全国,34.790017,135.624172,400,0,800
ホンダカーズ全国,34.801375,135.522606,400,0,800
ホンダカーズ全国,34.757602,135.501825,400,0,800
ホンダカーズ全国,34.803674,135.504121,400,0,800
ホンダカーズ全国,34.750078,135.527228,400,0,800
ホンダカーズ全国,34.757127,135.50883,400,0,800
ホンダカーズ全国,34.766297,135.564386,400,0,800
ホンダカーズ全国,34.79012,135.595407,400,0,800
ホンダカーズ全国,34.422937,135.331659,400,0,800
ホンダカーズ全国,34.408844,135.324335,400,0,800
ホンダカーズ全国,34.398018,135.309678,400,0,800
ホンダカーズ全国,34.514029,135.438475,400,0,800
ホンダカーズ全国,34.504849,135.430754,400,0,800
ホンダカーズ全国,34.395887,135.292864,400,0,800
ホンダカーズ全国,34.368443,135.264154,400,0,800
ホンダカーズ全国,34.498596,135.544557,400,0,800
ホンダカーズ全国,34.482398,135.555823,400,0,800
ホンダカーズ全国,34.497013,135.547251,400,0,800
ホンダカーズ全国,34.644935,135.520278,400,0,800
ホンダカーズ全国,34.72819,135.541053,400,0,800
ホンダカーズ全国,34.613046,135.501675,400,0,800
ホンダカーズ全国,34.619523,135.475933,400,0,800
ホンダカーズ全国,34.707803,135.559857,400,0,800
ホンダカーズ全国,34.701084,135.551441,400,0,800
ホンダカーズ全国,34.653659,135.552789,400,0,800
ホンダカーズ全国,34.6749,135.473862,400,0,800
ホンダカーズ全国,34.634241,135.497692,400,0,800
ホンダカーズ全国,34.709632,135.458005,400,0,800
ホンダカーズ全国,34.676706,135.513923,400,0,800
ホンダカーズ全国,34.702721,135.567729,400,0,800
ホンダカーズ全国,34.720038,135.523668,400,0,800
ホンダカーズ全国,34.623348,135.538072,400,0,800
ホンダカーズ全国,34.674129,135.557069,400,0,800
ホンダカーズ全国,34.691773,135.476928,400,0,800
ホンダカーズ全国,34.6319,135.545232,400,0,800
ホンダカーズ全国,34.730304,135.481311,400,0,800
ホンダカーズ全国,34.709312,135.608461,400,0,800
ホンダカーズ全国,34.710071,135.633753,400,0,800
ホンダカーズ全国,34.817283,135.434093,400,0,800
ホンダカーズ全国,34.80019,135.434291,400,0,800
ホンダカーズ全国,34.679202,135.606067,400,0,800
ホンダカーズ全国,34.64855,135.616867,400,0,800
ホンダカーズ全国,34.669249,135.570007,400,0,800
ホンダカーズ全国,34.679872,135.62984,400,0,800
ホンダカーズ全国,34.639003,135.579437,400,0,800
ホンダカーズ全国,34.652711,135.635271,400,0,800
ホンダカーズ全国,34.678283,135.610698,400,0,800
ホンダカーズ全国,34.574291,135.591182,400,0,800
ホンダカーズ全国,34.567334,135.605009,400,0,800
ホンダカーズ全国,34.561195,135.601337,400,0,800
ホンダカーズ全国,34.612287,135.595056,400,0,800
ホンダカーズ全国,34.59472,135.614388,400,0,800
ホンダカーズ全国,34.612531,135.591209,400,0,800
ホンダカーズ全国,34.494658,135.586212,400,0,800
ホンダカーズ全国,34.507229,135.599158,400,0,800
ホンダカーズ全国,34.806671,135.502899,400,0,800
ホンダカーズ全国,34.742936,135.477272,400,0,800
ホンダカーズ全国,34.757437,135.468339,400,0,800
ホンダカーズ全国,34.842483,135.698725,400,0,800
ホンダカーズ全国,34.843332,135.682352,400,0,800
ホンダカーズ全国,34.816267,135.646045,400,0,800
ホンダカーズ全国,34.813119,135.680505,400,0,800
ホンダカーズ全国,34.815624,135.671431,400,0,800
ホンダカーズ全国,34.815974,135.672039,400,0,800
ホンダカーズ全国,34.826455,135.478739,400,0,800
ホンダカーズ全国,34.817275,135.465227,400,0,800
ホンダカーズ全国,34.823341,135.474195,400,0,800
ホンダカーズ全国,34.737976,135.608702,400,0,800
ホンダカーズ全国,34.442982,135.448108,400,0,800
ホンダカーズ全国,34.460444,135.458971,400,0,800
ホンダカーズ全国,34.485368,135.416958,400,0,800
ホンダカーズ全国,34.482783,135.467248,400,0,800
ホンダカーズ全国,33.533163,131.330624,400,0,800
ホンダカーズ全国,33.108123,131.775066,400,0,800
ホンダカーズ全国,33.264875,131.166058,400,0,800
ホンダカーズ全国,32.956778,131.885664,400,0,800
ホンダカーズ全国,32.958813,131.878153,400,0,800
ホンダカーズ全国,32.960005,131.874037,400,0,800
ホンダカーズ全国,33.373701,131.534989,400,0,800
ホンダカーズ全国,33.212994,131.609603,400,0,800
ホンダカーズ全国,33.243494,131.652007,400,0,800
ホンダカーズ全国,33.24326,131.707658,400,0,800
ホンダカーズ全国,33.208239,131.604929,400,0,800
ホンダカーズ全国,33.20889,131.590044,400,0,800
ホンダカーズ全国,33.215732,131.679494,400,0,800
ホンダカーズ全国,33.245477,131.6087,400,0,800
ホンダカーズ全国,33.241966,131.643383,400,0,800
ホンダカーズ全国,33.228605,131.659895,400,0,800
ホンダカーズ全国,32.957099,131.377088,400,0,800
ホンダカーズ全国,33.539486,131.196286,400,0,800
ホンダカーズ全国,33.588873,131.211928,400,0,800
ホンダカーズ全国,33.580901,131.186169,400,0,800
ホンダカーズ全国,33.32296,130.924484,400,0,800
ホンダカーズ全国,33.322678,130.924629,400,0,800
ホンダカーズ全国,33.30562,131.49493,400,0,800
ホンダカーズ全国,33.308345,131.500346,400,0,800
ホンダカーズ全国,33.003015,131.614535,400,0,800
ホンダカーズ全国,32.692806,128.841179,400,0,800
ホンダカーズ全国,33.128975,129.798773,400,0,800
ホンダカーズ全国,33.156224,129.770289,400,0,800
ホンダカーズ全国,33.208702,129.715626,400,0,800
ホンダカーズ全国,33.161029,129.743005,400,0,800
ホンダカーズ全国,33.156913,129.768203,400,0,800
ホンダカーズ全国,32.81412,129.84602,400,0,800
ホンダカーズ全国,32.846189,129.831892,400,0,800
ホンダカーズ全国,32.910389,129.952566,400,0,800
ホンダカーズ全国,32.918116,129.949299,400,0,800
ホンダカーズ全国,32.74178,129.87172,400,0,800
ホンダカーズ全国,32.799557,129.853933,400,0,800
ホンダカーズ全国,32.763782,129.947714,400,0,800
ホンダカーズ全国,32.761783,129.948309,400,0,800
ホンダカーズ全国,32.76383,129.947618,400,0,800
ホンダカーズ全国,32.810083,130.359335,400,0,800
ホンダカーズ全国,33.1414,129.900275,400,0,800
ホンダカーズ全国,32.841138,130.062786,400,0,800
ホンダカーズ全国,32.84037,130.025322,400,0,800
ホンダカーズ全国,32.825957,129.977123,400,0,800
ホンダカーズ全国,36.334591,137.89049,400,0,800
ホンダカーズ全国,36.337835,137.888599,400,0,800
ホンダカーズ全国,36.366011,137.859123,400,0,800
ホンダカーズ全国,36.302409,137.913811,400,0,800
ホンダカーズ全国,36.30105,137.877814,400,0,800
ホンダカーズ全国,35.852683,137.97233,400,0,800
ホンダカーズ全国,35.820598,137.945611,400,0,800
ホンダカーズ全国,35.816004,137.944542,400,0,800
ホンダカーズ全国,36.149876,137.949892,400,0,800
ホンダカーズ全国,36.065828,138.070976,400,0,800
ホンダカーズ全国,36.056848,138.047359,400,0,800
ホンダカーズ全国,35.594242,137.917388,400,0,800
ホンダカーズ全国,35.988726,138.148905,400,0,800
ホンダカーズ全国,35.738803,137.91612,400,0,800
ホンダカーズ全国,36.267733,138.465873,400,0,800
ホンダカーズ全国,36.285128,138.479532,400,0,800
ホンダカーズ全国,36.252601,138.467189,400,0,800
ホンダカーズ全国,36.209596,138.465659,400,0,800
ホンダカーズ全国,36.338054,138.406876,400,0,800
ホンダカーズ全国,36.312963,138.453265,400,0,800
ホンダカーズ全国,36.213844,137.977756,400,0,800
ホンダカーズ全国,36.228691,137.95858,400,0,800
ホンダカーズ全国,36.201947,137.949323,400,0,800
ホンダカーズ全国,36.209744,137.961452,400,0,800
ホンダカーズ全国,36.174012,137.96144,400,0,800
ホンダカーズ全国,36.188383,137.963758,400,0,800
ホンダカーズ全国,36.253513,137.97083,400,0,800
ホンダカーズ全国,36.231624,137.951919,400,0,800
ホンダカーズ全国,35.982476,137.990552,400,0,800
ホンダカーズ全国,35.88927,137.984078,400,0,800
ホンダカーズ全国,36.401598,138.284077,400,0,800
ホンダカーズ全国,36.414493,138.225323,400,0,800
ホンダカーズ全国,36.388552,138.266463,400,0,800
ホンダカーズ全国,36.387888,138.266402,400,0,800
ホンダカーズ全国,36.352146,138.218872,400,0,800
ホンダカーズ全国,36.388909,138.212975,400,0,800
ホンダカーズ全国,36.403147,138.261787,400,0,800
ホンダカーズ全国,36.005693,138.130831,400,0,800
ホンダカーズ全国,36.01079,138.128976,400,0,800
ホンダカーズ全国,36.654555,138.288243,400,0,800
ホンダカーズ全国,36.485705,138.153564,400,0,800
ホンダカーズ全国,36.52015,138.122322,400,0,800
ホンダカーズ全国,36.515042,138.133457,400,0,800
ホンダカーズ全国,36.516307,137.857955,400,0,800
ホンダカーズ全国,36.73037,138.341616,400,0,800
ホンダカーズ全国,36.743718,138.347533,400,0,800
ホンダカーズ全国,36.675321,138.219345,400,0,800
ホンダカーズ全国,36.603554,138.167157,400,0,800
ホンダカーズ全国,36.670288,138.211618,400,0,800
ホンダカーズ全国,36.66357,138.229864,400,0,800
ホンダカーズ全国,36.582009,138.161698,400,0,800
ホンダカーズ全国,36.65531,138.205875,400,0,800
ホンダカーズ全国,36.568059,138.200616,400,0,800
ホンダカーズ全国,36.641215,138.210185,400,0,800
ホンダカーズ全国,36.609113,138.195682,400,0,800
ホンダカーズ全国,36.58473,138.151022,400,0,800
ホンダカーズ全国,36.64161,138.213624,400,0,800
ホンダカーズ全国,36.655311,138.235093,400,0,800
ホンダカーズ全国,36.631699,138.182452,400,0,800
ホンダカーズ全国,36.653511,138.2257,400,0,800
ホンダカーズ全国,36.694731,138.253036,400,0,800
ホンダカーズ全国,36.839148,138.358974,400,0,800
ホンダカーズ全国,35.514053,137.810942,400,0,800
ホンダカーズ全国,35.513856,137.836431,400,0,800
ホンダカーズ全国,35.520139,137.850996,400,0,800
ホンダカーズ全国,35.477771,137.829939,400,0,800
ホンダカーズ全国,35.506607,137.843003,400,0,800
ホンダカーズ全国,35.390754,133.393093,400,0,800
ホンダカーズ全国,35.463406,133.844486,400,0,800
ホンダカーズ全国,35.42369,133.792342,400,0,800
ホンダカーズ全国,35.516385,134.070739,400,0,800
ホンダカーズ全国,35.513255,134.205691,400,0,800
ホンダカーズ全国,35.472841,134.242917,400,0,800
ホンダカーズ全国,35.517674,134.201736,400,0,800
ホンダカーズ全国,35.487706,134.236078,400,0,800
ホンダカーズ全国,35.479715,133.85248,400,0,800
ホンダカーズ全国,35.433221,133.354562,400,0,800
ホンダカーズ全国,35.4251,133.34461,400,0,800
ホンダカーズ全国,35.456939,133.424713,400,0,800
ホンダカーズ全国,35.448608,133.324272,400,0,800
ホンダカーズ全国,35.457227,133.335254,400,0,800
ホンダカーズ全国,35.433531,133.234777,400,0,800
ホンダカーズ全国,35.303867,132.895541,400,0,800
ホンダカーズ全国,34.686674,131.846031,400,0,800
ホンダカーズ全国,34.689442,131.808351,400,0,800
ホンダカーズ全国,34.549289,131.827736,400,0,800
ホンダカーズ全国,35.383199,132.757572,400,0,800
ホンダカーズ全国,35.385227,132.7505,400,0,800
ホンダカーズ全国,35.345686,132.720904,400,0,800
ホンダカーズ全国,35.372233,132.735977,400,0,800
ホンダカーズ全国,35.396266,132.851087,400,0,800
ホンダカーズ全国,35.395094,132.844549,400,0,800
ホンダカーズ全国,35.381,132.801759,400,0,800
ホンダカーズ全国,35.440903,132.831892,400,0,800
ホンダカーズ全国,35.478403,133.069067,400,0,800
ホンダカーズ全国,35.476083,133.04488,400,0,800
ホンダカーズ全国,35.459464,133.076337,400,0,800
ホンダカーズ全国,35.45785,133.086266,400,0,800
ホンダカーズ全国,35.454328,133.094419,400,0,800
ホンダカーズ全国,35.196816,133.007614,400,0,800
ホンダカーズ全国,35.198525,132.493043,400,0,800
ホンダカーズ全国,35.198869,132.491588,400,0,800
ホンダカーズ全国,35.010553,132.719931,400,0,800
ホンダカーズ全国,34.896736,132.091854,400,0,800
ホンダカーズ全国,34.868137,132.039746,400,0,800
ホンダカーズ全国,34.865598,132.031691,400,0,800
ホンダカーズ全国,33.910952,134.668075,400,0,800
ホンダカーズ全国,34.072023,134.385685,400,0,800
ホンダカーズ全国,34.072709,134.386947,400,0,800
ホンダカーズ全国,34.036277,133.953147,400,0,800
ホンダカーズ全国,34.004722,134.57282,400,0,800
ホンダカーズ全国,33.969627,134.617714,400,0,800
ホンダカーズ全国,34.115656,134.517096,400,0,800
ホンダカーズ全国,34.070023,134.46791,400,0,800
ホンダカーズ全国,34.071284,134.474698,400,0,800
ホンダカーズ全国,34.037945,134.551649,400,0,800
ホンダカーズ全国,34.026447,134.566267,400,0,800
ホンダカーズ全国,34.082971,134.558157,400,0,800
ホンダカーズ全国,34.057085,134.553966,400,0,800
ホンダカーズ全国,34.119401,134.433046,400,0,800
ホンダカーズ全国,34.125613,134.542123,400,0,800
ホンダカーズ全国,34.133851,134.509571,400,0,800
ホンダカーズ全国,34.157663,134.579214,400,0,800
ホンダカーズ全国,34.1567,134.57981,400,0,800
ホンダカーズ全国,36.568037,139.998634,400,0,800
ホンダカーズ全国,36.570879,139.921591,400,0,800
ホンダカーズ全国,36.599856,139.922139,400,0,800
ホンダカーズ全国,36.503598,139.874724,400,0,800
ホンダカーズ全国,36.575213,139.873409,400,0,800
ホンダカーズ全国,36.586686,139.852371,400,0,800
ホンダカーズ全国,36.518105,139.877906,400,0,800
ホンダカーズ全国,36.57175,139.908945,400,0,800
ホンダカーズ全国,36.560747,139.85037,400,0,800
ホンダカーズ全国,36.545841,139.898395,400,0,800
ホンダカーズ全国,36.564978,139.88767,400,0,800
ホンダカーズ全国,36.543686,139.880096,400,0,800
ホンダカーズ全国,36.559236,139.934255,400,0,800
ホンダカーズ全国,36.617502,139.988802,400,0,800
ホンダカーズ全国,36.462941,139.843927,400,0,800
ホンダカーズ全国,36.429255,139.905604,400,0,800
ホンダカーズ全国,36.489834,139.908343,400,0,800
ホンダカーズ全国,36.320119,139.609621,400,0,800
ホンダカーズ全国,36.299361,139.566993,400,0,800
ホンダカーズ全国,36.313827,139.592981,400,0,800
ホンダカーズ全国,36.547069,139.79302,400,0,800
ホンダカーズ全国,36.546575,139.795142,400,0,800
ホンダカーズ全国,36.291754,139.786393,400,0,800
ホンダカーズ全国,36.365236,139.833455,400,0,800
ホンダカーズ全国,36.340236,139.820137,400,0,800
ホンダカーズ全国,36.302211,139.789948,400,0,800
ホンダカーズ全国,36.298807,139.813549,400,0,800
ホンダカーズ全国,36.437953,139.962099,400,0,800
ホンダカーズ全国,36.436589,139.962313,400,0,800
ホンダカーズ全国,36.442634,140.000217,400,0,800
ホンダカーズ全国,36.326759,139.479533,400,0,800
ホンダカーズ全国,36.331186,139.465714,400,0,800
ホンダカーズ全国,36.304289,139.475649,400,0,800
ホンダカーズ全国,36.327138,139.429479,400,0,800
ホンダカーズ全国,36.882355,140.021071,400,0,800
ホンダカーズ全国,36.84056,139.953455,400,0,800
ホンダカーズ全国,36.394493,139.748616,400,0,800
ホンダカーズ全国,36.398664,139.71834,400,0,800
ホンダカーズ全国,36.887425,139.971606,400,0,800
ホンダカーズ全国,36.886411,139.970195,400,0,800
ホンダカーズ全国,36.95759,140.060476,400,0,800
ホンダカーズ全国,36.719839,139.718016,400,0,800
ホンダカーズ全国,36.808133,139.94073,400,0,800
ホンダカーズ全国,34.582471,135.759078,400,0,800
ホンダカーズ全国,34.508394,135.762384,400,0,800
ホンダカーズ全国,34.508158,135.767578,400,0,800
ホンダカーズ全国,34.508167,135.76788,400,0,800
ホンダカーズ全国,34.506265,135.763269,400,0,800
ホンダカーズ全国,34.534475,135.797758,400,0,800
ホンダカーズ全国,34.520794,135.815773,400,0,800
ホンダカーズ全国,34.489355,135.733629,400,0,800
ホンダカーズ全国,34.382285,135.792879,400,0,800
ホンダカーズ全国,34.343176,135.69752,400,0,800
ホンダカーズ全国,34.55582,135.700383,400,0,800
ホンダカーズ全国,34.512167,135.866003,400,0,800
ホンダカーズ全国,34.615353,135.746517,400,0,800
ホンダカーズ全国,34.695748,135.709224,400,0,800
ホンダカーズ全国,34.723029,135.706107,400,0,800
ホンダカーズ全国,34.619174,135.795552,400,0,800
ホンダカーズ全国,34.639043,135.747622,400,0,800
ホンダカーズ全国,34.724518,135.788822,400,0,800
ホンダカーズ全国,34.653766,135.832507,400,0,800
ホンダカーズ全国,34.684003,135.754079,400,0,800
ホンダカーズ全国,34.663248,135.819055,400,0,800
ホンダカーズ全国,34.684623,135.812399,400,0,800
ホンダカーズ全国,34.715319,135.751829,400,0,800
ホンダカーズ全国,34.674199,135.797623,400,0,800
ホンダカーズ全国,,店舗情報無し,400,0,800
ホンダカーズ全国,34.683936,135.775505,400,0,800
ホンダカーズ全国,34.586078,135.71822,400,0,800
ホンダカーズ全国,34.533574,135.743502,400,0,800
ホンダカーズ全国,36.932735,137.502741,400,0,800
ホンダカーズ全国,36.832384,137.417611,400,0,800
ホンダカーズ全国,36.805947,137.403246,400,0,800
ホンダカーズ全国,36.768197,137.037326,400,0,800
ホンダカーズ全国,36.761012,137.014186,400,0,800
ホンダカーズ全国,36.688327,136.976987,400,0,800
ホンダカーズ全国,36.727007,137.01825,400,0,800
ホンダカーズ全国,36.746113,136.994256,400,0,800
ホンダカーズ全国,36.741744,136.983824,400,0,800
ホンダカーズ全国,36.720215,137.077124,400,0,800
ホンダカーズ全国,36.718646,137.116401,400,0,800
ホンダカーズ全国,36.704068,137.343612,400,0,800
ホンダカーズ全国,36.66721,137.319588,400,0,800
ホンダカーズ全国,36.635255,136.957219,400,0,800
ホンダカーズ全国,36.663225,136.972313,400,0,800
ホンダカーズ全国,36.837251,136.988841,400,0,800
ホンダカーズ全国,36.634109,137.209424,400,0,800
ホンダカーズ全国,36.71511,137.232985,400,0,800
ホンダカーズ全国,36.663567,137.20952,400,0,800
ホンダカーズ全国,36.650732,137.209409,400,0,800
ホンダカーズ全国,36.701782,137.258628,400,0,800
ホンダカーズ全国,36.703963,137.259353,400,0,800
ホンダカーズ全国,36.687386,137.230983,400,0,800
ホンダカーズ全国,36.718505,137.129783,400,0,800
ホンダカーズ全国,36.697738,137.23761,400,0,800
ホンダカーズ全国,36.666341,137.179812,400,0,800
ホンダカーズ全国,35.903395,136.15479,400,0,800
ホンダカーズ全国,35.921284,136.157783,400,0,800
ホンダカーズ全国,35.924604,136.159564,400,0,800
ホンダカーズ全国,36.146453,136.26496,400,0,800
ホンダカーズ全国,36.143746,136.219393,400,0,800
ホンダカーズ全国,35.950522,136.244687,400,0,800
ホンダカーズ全国,35.607109,135.947339,400,0,800
ホンダカーズ全国,35.482525,135.775763,400,0,800
ホンダカーズ全国,35.987834,136.47512,400,0,800
ホンダカーズ全国,35.994389,136.499201,400,0,800
ホンダカーズ全国,35.646555,136.061895,400,0,800
ホンダカーズ全国,35.633173,136.050628,400,0,800
ホンダカーズ全国,35.635362,136.057255,400,0,800
ホンダカーズ全国,36.053105,136.241445,400,0,800
ホンダカーズ全国,36.029951,136.212906,400,0,800
ホンダカーズ全国,36.021677,136.208585,400,0,800
ホンダカーズ全国,36.085993,136.250936,400,0,800
ホンダカーズ全国,36.082646,136.246525,400,0,800
ホンダカーズ全国,36.085367,136.226726,400,0,800
ホンダカーズ全国,36.088116,136.197403,400,0,800
ホンダカーズ全国,33.280231,130.510965,400,0,800
ホンダカーズ全国,33.339812,130.512524,400,0,800
ホンダカーズ全国,33.314967,130.526777,400,0,800
ホンダカーズ全国,33.323569,130.516864,400,0,800
ホンダカーズ全国,33.321275,130.547767,400,0,800
ホンダカーズ全国,33.321095,130.557997,400,0,800
ホンダカーズ全国,33.269947,130.538502,400,0,800
ホンダカーズ全国,33.771416,130.981457,400,0,800
ホンダカーズ全国,33.738057,130.481167,400,0,800
ホンダカーズ全国,33.716101,130.986222,400,0,800
ホンダカーズ全国,33.570839,130.237955,400,0,800
ホンダカーズ全国,33.783344,130.522742,400,0,800
ホンダカーズ全国,33.797563,130.584913,400,0,800
ホンダカーズ全国,33.518411,130.471043,400,0,800
ホンダカーズ全国,33.518189,130.47198,400,0,800
ホンダカーズ全国,33.54261,130.449603,400,0,800
ホンダカーズ全国,33.515286,130.47394,400,0,800
ホンダカーズ全国,33.398768,130.568616,400,0,800
ホンダカーズ全国,33.59831,130.473626,400,0,800
ホンダカーズ全国,33.620628,130.502372,400,0,800
ホンダカーズ全国,33.704167,130.44113,400,0,800
ホンダカーズ全国,33.514537,130.506205,400,0,800
ホンダカーズ全国,33.185918,130.389633,400,0,800
ホンダカーズ全国,33.025704,130.44899,400,0,800
ホンダカーズ全国,33.05457,130.4465,400,0,800
ホンダカーズ全国,33.016246,130.439713,400,0,800
ホンダカーズ全国,33.216416,130.521472,400,0,800
ホンダカーズ全国,33.499633,130.502083,400,0,800
ホンダカーズ全国,33.48939,130.525034,400,0,800
ホンダカーズ全国,33.486257,130.515279,400,0,800
ホンダカーズ全国,33.409974,130.655143,400,0,800
ホンダカーズ全国,33.76157,130.717441,400,0,800
ホンダカーズ全国,33.599514,130.825036,400,0,800
ホンダカーズ全国,33.648167,130.815482,400,0,800
ホンダカーズ全国,33.650661,130.798673,400,0,800
ホンダカーズ全国,33.522445,130.432628,400,0,800
ホンダカーズ全国,33.250524,130.542502,400,0,800
ホンダカーズ全国,33.617132,130.670436,400,0,800
ホンダカーズ全国,33.656129,130.683619,400,0,800
ホンダカーズ全国,33.648155,130.675839,400,0,800
ホンダカーズ全国,33.607452,130.672261,400,0,800
ホンダカーズ全国,33.646913,130.722987,400,0,800
ホンダカーズ全国,33.549133,130.348271,400,0,800
ホンダカーズ全国,33.568748,130.317789,400,0,800
ホンダカーズ全国,33.568773,130.353361,400,0,800
ホンダカーズ全国,33.568565,130.327544,400,0,800
ホンダカーズ全国,33.589171,130.389116,400,0,800
ホンダカーズ全国,33.579933,130.39548,400,0,800
ホンダカーズ全国,33.619879,130.438798,400,0,800
ホンダカーズ全国,33.633475,130.441133,400,0,800
ホンダカーズ全国,33.644166,130.432847,400,0,800
ホンダカーズ全国,33.610505,130.437785,400,0,800
ホンダカーズ全国,33.553067,130.390944,400,0,800
ホンダカーズ全国,33.532,130.40272,400,0,800
ホンダカーズ全国,33.557727,130.411731,400,0,800
ホンダカーズ全国,33.564341,130.456968,400,0,800
ホンダカーズ全国,33.563992,130.457259,400,0,800
ホンダカーズ全国,33.566985,130.441319,400,0,800
ホンダカーズ全国,33.583794,130.4277,400,0,800
ホンダカーズ全国,33.630174,131.084904,400,0,800
ホンダカーズ全国,33.893153,130.786662,400,0,800
ホンダカーズ全国,33.840196,130.927293,400,0,800
ホンダカーズ全国,33.809327,130.955294,400,0,800
ホンダカーズ全国,33.834434,130.869998,400,0,800
ホンダカーズ全国,33.828801,130.865987,400,0,800
ホンダカーズ全国,33.870816,130.894223,400,0,800
ホンダカーズ全国,33.868441,130.867345,400,0,800
ホンダカーズ全国,33.900012,130.854014,400,0,800
ホンダカーズ全国,33.858712,130.887657,400,0,800
ホンダカーズ全国,33.824102,130.743957,400,0,800
ホンダカーズ全国,33.860764,130.742453,400,0,800
ホンダカーズ全国,33.869163,130.71338,400,0,800
ホンダカーズ全国,33.858423,130.719163,400,0,800
ホンダカーズ全国,33.860345,130.72336,400,0,800
ホンダカーズ全国,33.848539,130.762226,400,0,800
ホンダカーズ全国,33.787064,130.739477,400,0,800
ホンダカーズ全国,33.877183,130.812696,400,0,800
ホンダカーズ全国,33.868016,130.840308,400,0,800
ホンダカーズ全国,33.894109,130.922936,400,0,800
ホンダカーズ全国,33.177573,130.40107,400,0,800
ホンダカーズ全国,33.176578,130.406377,400,0,800
ホンダカーズ全国,33.144183,130.412128,400,0,800
ホンダカーズ全国,36.909595,140.772986,400,0,800
ホンダカーズ全国,37.05772,140.870786,400,0,800
ホンダカーズ全国,37.063863,140.854509,400,0,800
ホンダカーズ全国,36.949421,140.889156,400,0,800
ホンダカーズ全国,36.916012,140.792495,400,0,800
ホンダカーズ全国,37.04448,140.861009,400,0,800
ホンダカーズ全国,37.066258,140.944826,400,0,800
ホンダカーズ全国,37.05441,140.900585,400,0,800
ホンダカーズ全国,37.030969,140.891278,400,0,800
ホンダカーズ全国,37.036918,140.964764,400,0,800
ホンダカーズ全国,37.829458,140.513709,400,0,800
ホンダカーズ全国,37.81083,140.53858,400,0,800
ホンダカーズ全国,37.513023,139.942435,400,0,800
ホンダカーズ全国,37.508381,139.913166,400,0,800
ホンダカーズ全国,37.517577,139.919304,400,0,800
ホンダカーズ全国,37.690584,139.889769,400,0,800
ホンダカーズ全国,37.406841,140.354258,400,0,800
ホンダカーズ全国,37.407516,140.359602,400,0,800
ホンダカーズ全国,37.371635,140.372552,400,0,800
ホンダカーズ全国,37.370435,140.371977,400,0,800
ホンダカーズ全国,37.441603,140.379872,400,0,800
ホンダカーズ全国,37.314382,140.364843,400,0,800
ホンダカーズ全国,37.288527,140.360008,400,0,800
ホンダカーズ全国,37.122714,140.169124,400,0,800
ホンダカーズ全国,37.805159,140.917291,400,0,800
ホンダカーズ全国,37.801621,140.928268,400,0,800
ホンダカーズ全国,37.024955,140.376859,400,0,800
ホンダカーズ全国,37.641339,140.973729,400,0,800
ホンダカーズ全国,37.633448,140.984654,400,0,800
ホンダカーズ全国,37.629529,140.988318,400,0,800
ホンダカーズ全国,37.702604,140.970734,400,0,800
ホンダカーズ全国,37.614441,140.461533,400,0,800
ホンダカーズ全国,37.137946,140.209498,400,0,800
ホンダカーズ全国,37.105153,140.222265,400,0,800
ホンダカーズ全国,37.794214,140.488973,400,0,800
ホンダカーズ全国,37.744087,140.446112,400,0,800
ホンダカーズ全国,37.728353,140.459828,400,0,800
ホンダカーズ全国,37.793632,140.448976,400,0,800
ホンダカーズ全国,37.523488,140.395248,400,0,800
ホンダカーズ全国,34.782336,135.408896,400,0,800
ホンダカーズ全国,34.79321,135.415612,400,0,800
ホンダカーズ全国,34.726025,134.8662,400,0,800
ホンダカーズ全国,34.745873,134.818649,400,0,800
ホンダカーズ全国,34.777512,134.821998,400,0,800
ホンダカーズ全国,34.756891,134.84811,400,0,800
ホンダカーズ全国,34.748797,134.859133,400,0,800
ホンダカーズ全国,34.906805,134.855415,400,0,800
ホンダカーズ全国,34.954297,134.967543,400,0,800
ホンダカーズ全国,34.893284,135.075718,400,0,800
ホンダカーズ全国,34.882657,135.231969,400,0,800
ホンダカーズ全国,34.877788,135.226445,400,0,800
ホンダカーズ全国,34.803915,134.96596,400,0,800
ホンダカーズ全国,34.781964,134.999779,400,0,800
ホンダカーズ全国,34.782013,135.004381,400,0,800
ホンダカーズ全国,35.011744,134.548877,400,0,800
ホンダカーズ全国,35.053528,135.178654,400,0,800
ホンダカーズ全国,34.344155,134.863758,400,0,800
ホンダカーズ全国,34.340636,134.851998,400,0,800
ホンダカーズ全国,34.868002,134.934884,400,0,800
ホンダカーズ全国,34.689995,135.110088,400,0,800
ホンダカーズ全国,34.672033,135.049946,400,0,800
ホンダカーズ全国,34.673077,135.078479,400,0,800
ホンダカーズ全国,34.663103,135.073491,400,0,800
ホンダカーズ全国,34.663082,135.073508,400,0,800
ホンダカーズ全国,34.666774,134.993826,400,0,800
ホンダカーズ全国,34.664363,135.011502,400,0,800
ホンダカーズ全国,34.663666,135.025354,400,0,800
ホンダカーズ全国,34.730607,135.082686,400,0,800
ホンダカーズ全国,34.734658,134.987986,400,0,800
ホンダカーズ全国,34.71856,135.019517,400,0,800
ホンダカーズ全国,34.698696,135.205927,400,0,800
ホンダカーズ全国,34.661919,135.158348,400,0,800
ホンダカーズ全国,34.71282,135.276309,400,0,800
ホンダカーズ全国,34.727896,135.290355,400,0,800
ホンダカーズ全国,34.713828,135.245317,400,0,800
ホンダカーズ全国,34.704568,135.228844,400,0,800
ホンダカーズ全国,34.671012,135.1605,400,0,800
ホンダカーズ全国,34.721481,135.129296,400,0,800
ホンダカーズ全国,34.82855,135.225603,400,0,800
ホンダカーズ全国,34.834839,135.228591,400,0,800
ホンダカーズ全国,34.948477,134.759836,400,0,800
ホンダカーズ全国,34.757864,135.36034,400,0,800
ホンダカーズ全国,34.733924,135.372184,400,0,800
ホンダカーズ全国,34.734166,135.368298,400,0,800
ホンダカーズ全国,34.732966,135.325788,400,0,800
ホンダカーズ全国,34.741865,135.344794,400,0,800
ホンダカーズ全国,34.988069,134.967078,400,0,800
ホンダカーズ全国,34.762913,134.377157,400,0,800
ホンダカーズ全国,34.832995,135.418475,400,0,800
ホンダカーズ全国,34.865294,135.41533,400,0,800
ホンダカーズ全国,34.820149,134.490449,400,0,800
ホンダカーズ全国,35.085788,134.891636,400,0,800
ホンダカーズ全国,35.139546,135.064835,400,0,800
ホンダカーズ全国,34.469947,134.847731,400,0,800
ホンダカーズ全国,35.356607,134.825214,400,0,800
ホンダカーズ全国,34.743136,135.434312,400,0,800
ホンダカーズ全国,34.719869,135.424122,400,0,800
ホンダカーズ全国,34.744488,135.389593,400,0,800
ホンダカーズ全国,34.763222,135.384904,400,0,800
ホンダカーズ全国,34.743299,135.41778,400,0,800
ホンダカーズ全国,35.583426,134.489363,400,0,800
ホンダカーズ全国,34.825062,134.72399,400,0,800
ホンダカーズ全国,34.83933,134.727736,400,0,800
ホンダカーズ全国,34.797033,134.62309,400,0,800
ホンダカーズ全国,34.854083,134.665192,400,0,800
ホンダカーズ全国,34.828758,134.672839,400,0,800
ホンダカーズ全国,34.802572,134.60681,400,0,800
ホンダカーズ全国,34.837849,134.665298,400,0,800
ホンダカーズ全国,34.858864,134.722514,400,0,800
ホンダカーズ全国,34.78586,134.588321,400,0,800
ホンダカーズ全国,34.804847,135.374082,400,0,800
ホンダカーズ全国,34.806563,135.358242,400,0,800
ホンダカーズ全国,34.807799,135.350856,400,0,800
ホンダカーズ全国,35.53319,134.819468,400,0,800
ホンダカーズ全国,35.481656,134.784886,400,0,800
ホンダカーズ全国,34.691185,134.926481,400,0,800
ホンダカーズ全国,34.689521,134.929978,400,0,800
ホンダカーズ全国,34.648473,134.985432,400,0,800
ホンダカーズ全国,34.673045,134.952796,400,0,800
ホンダカーズ全国,34.83261,134.598902,400,0,800
ホンダカーズ全国,34.833489,134.584179,400,0,800
ホンダカーズ全国,43.734043,142.39174,400,0,800
ホンダカーズ全国,43.80079,142.417389,400,0,800
ホンダカーズ全国,43.773212,142.338832,400,0,800
ホンダカーズ全国,43.755047,142.351779,400,0,800
ホンダカーズ全国,43.759863,142.403512,400,0,800
ホンダカーズ全国,43.809546,142.394207,400,0,800
ホンダカーズ全国,43.191185,141.742727,400,0,800
ホンダカーズ全国,42.981335,140.540586,400,0,800
ホンダカーズ全国,43.008122,144.413831,400,0,800
ホンダカーズ全国,42.98779,144.392889,400,0,800
ホンダカーズ全国,43.016805,144.328682,400,0,800
ホンダカーズ全国,43.017158,144.334223,400,0,800
ホンダカーズ全国,43.000217,144.397058,400,0,800
ホンダカーズ全国,42.902439,141.571215,400,0,800
ホンダカーズ全国,43.089867,141.519529,400,0,800
ホンダカーズ全国,43.317104,145.553167,400,0,800
ホンダカーズ全国,43.54381,141.919153,400,0,800
ホンダカーズ全国,43.043539,141.460909,400,0,800
ホンダカーズ全国,43.040065,141.470648,400,0,800
ホンダカーズ全国,43.026091,141.455664,400,0,800
ホンダカーズ全国,43.04732,141.479278,400,0,800
ホンダカーズ全国,43.113781,141.272958,400,0,800
ホンダカーズ全国,43.105093,141.258396,400,0,800
ホンダカーズ全国,43.1107,141.248368,400,0,800
ホンダカーズ全国,42.995983,141.443022,400,0,800
ホンダカーズ全国,43.002996,141.429889,400,0,800
ホンダカーズ全国,43.083132,141.282667,400,0,800
ホンダカーズ全国,43.068932,141.307141,400,0,800
ホンダカーズ全国,43.094867,141.302564,400,0,800
ホンダカーズ全国,43.082878,141.322738,400,0,800
ホンダカーズ全国,43.045888,141.342664,400,0,800
ホンダカーズ全国,43.025941,141.345032,400,0,800
ホンダカーズ全国,43.086047,141.407134,400,0,800
ホンダカーズ全国,43.083102,141.383111,400,0,800
ホンダカーズ全国,43.096086,141.370856,400,0,800
ホンダカーズ全国,43.106073,141.346477,400,0,800
ホンダカーズ全国,43.125403,141.363062,400,0,800
ホンダカーズ全国,43.015772,141.346168,400,0,800
ホンダカーズ全国,43.003818,141.342561,400,0,800
ホンダカーズ全国,43.043904,141.402359,400,0,800
ホンダカーズ全国,43.067121,141.408827,400,0,800
ホンダカーズ全国,43.046557,141.41388,400,0,800
ホンダカーズ全国,43.014994,141.41519,400,0,800
ホンダカーズ全国,43.013183,141.418495,400,0,800
ホンダカーズ全国,43.031341,141.364146,400,0,800
ホンダカーズ全国,43.031233,141.375562,400,0,800
ホンダカーズ全国,43.101806,141.327892,400,0,800
ホンダカーズ全国,43.118259,141.322214,400,0,800
ホンダカーズ全国,43.129064,141.346547,400,0,800
ホンダカーズ全国,42.349547,141.02058,400,0,800
ホンダカーズ全国,42.348674,141.018577,400,0,800
ホンダカーズ全国,43.907318,144.672766,400,0,800
ホンダカーズ全国,43.191597,141.008863,400,0,800
ホンダカーズ全国,43.181874,141.019041,400,0,800
ホンダカーズ全国,43.13267,141.186166,400,0,800
ホンダカーズ全国,43.208626,140.980455,400,0,800
ホンダカーズ全国,42.835719,141.642097,400,0,800
ホンダカーズ全国,42.929733,143.168827,400,0,800
ホンダカーズ全国,42.928674,143.152132,400,0,800
ホンダカーズ全国,42.924157,143.143099,400,0,800
ホンダカーズ全国,42.927093,143.131317,400,0,800
ホンダカーズ全国,42.889901,143.2062,400,0,800
ホンダカーズ全国,42.88946,143.20478,400,0,800
ホンダカーズ全国,43.562552,141.911136,400,0,800
ホンダカーズ全国,42.917512,143.244851,400,0,800
ホンダカーズ全国,42.378015,141.071309,400,0,800
ホンダカーズ全国,42.652423,141.624914,400,0,800
ホンダカーズ全国,42.641029,141.614247,400,0,800
ホンダカーズ全国,42.650084,141.619993,400,0,800
ホンダカーズ全国,42.247302,140.285825,400,0,800
ホンダカーズ全国,41.79474,140.732814,400,0,800
ホンダカーズ全国,41.82161,140.73251,400,0,800
ホンダカーズ全国,41.781056,140.733426,400,0,800
ホンダカーズ全国,41.810768,140.768075,400,0,800
ホンダカーズ全国,41.813256,140.76027,400,0,800
ホンダカーズ全国,41.791125,140.749444,400,0,800
ホンダカーズ全国,43.564555,145.001702,400,0,800
ホンダカーズ全国,43.808005,143.847818,400,0,800
ホンダカーズ全国,43.836031,143.926652,400,0,800
ホンダカーズ全国,42.97543,141.471599,400,0,800
ホンダカーズ全国,41.82728,140.702973,400,0,800
ホンダカーズ全国,44.018509,144.244628,400,0,800
ホンダカーズ全国,44.050326,143.521786,400,0,800
ホンダカーズ全国,44.368512,143.331784,400,0,800
ホンダカーズ全国,41.869097,140.129138,400,0,800
ホンダカーズ全国,34.305678,135.537852,400,0,800
ホンダカーズ全国,34.261049,135.294381,400,0,800
ホンダカーズ全国,34.233352,135.323989,400,0,800
ホンダカーズ全国,34.262097,135.365637,400,0,800
ホンダカーズ全国,34.293416,135.573422,400,0,800
ホンダカーズ全国,33.902222,135.168423,400,0,800
ホンダカーズ全国,33.719164,135.983372,400,0,800
ホンダカーズ全国,33.719075,135.987869,400,0,800
ホンダカーズ全国,33.694971,135.418956,400,0,800
ホンダカーズ全国,33.73964,135.37219,400,0,800
ホンダカーズ全国,33.734491,135.386406,400,0,800
ホンダカーズ全国,33.73629,135.359222,400,0,800
ホンダカーズ全国,33.483008,135.788663,400,0,800
ホンダカーズ全国,33.582448,135.919895,400,0,800
ホンダカーズ全国,33.968569,135.127131,400,0,800
ホンダカーズ全国,34.079462,135.122802,400,0,800
ホンダカーズ全国,34.255202,135.247432,400,0,800
ホンダカーズ全国,34.234828,135.214307,400,0,800
ホンダカーズ全国,34.19331,135.185616,400,0,800
ホンダカーズ全国,34.254533,135.146942,400,0,800
ホンダカーズ全国,34.217926,135.159325,400,0,800
ホンダカーズ全国,34.210908,135.184949,400,0,800
ホンダカーズ全国,34.198234,135.185374,400,0,800
ホンダカーズ全国,34.24523,135.209855,400,0,800
ホンダカーズ全国,34.260278,135.177673,400,0,800
ホンダカーズ全国,34.171435,135.186663,400,0,800
ホンダカーズ全国,34.222231,135.190381,400,0,800
本田,35.789915,139.607066,400,0,0
本田,35.673366,139.72376,400,0,0
松竹,35.668352,139.769524,400,0,800
